Distance (mm),T (K),P (Pa),V (M^3/s),X_nh3 initial,X_o2 initial,X_he initial,(NH3/O2),T (K) final,Rtol,Atol,reactor type,energy on?,He,Ar,Ne,O2(2),H2O(3),N2(4),NO(5),NH3(6),N2O(7),ONOOJ(37),N2O2(48),X(1),HX(9),OX(10),HOX(13),H2OX(14),NH3_X(22),N_X(23),NO_X(24),N2X2(28),NN_ads(29),H2NX(30),O2_ads(49),NH_ads(60),NOX2(87),He ROP [kmol/m^3 s],Ar ROP [kmol/m^3 s],Ne ROP [kmol/m^3 s],O2(2) ROP [kmol/m^3 s],H2O(3) ROP [kmol/m^3 s],N2(4) ROP [kmol/m^3 s],NO(5) ROP [kmol/m^3 s],NH3(6) ROP [kmol/m^3 s],N2O(7) ROP [kmol/m^3 s],ONOOJ(37) ROP [kmol/m^3 s],N2O2(48) ROP [kmol/m^3 s],He surface ROP [kmol/m^2 s],Ar surface ROP [kmol/m^2 s],Ne surface ROP [kmol/m^2 s],O2(2) surface ROP [kmol/m^2 s],H2O(3) surface ROP [kmol/m^2 s],N2(4) surface ROP [kmol/m^2 s],NO(5) surface ROP [kmol/m^2 s],NH3(6) surface ROP [kmol/m^2 s],N2O(7) surface ROP [kmol/m^2 s],ONOOJ(37) surface ROP [kmol/m^2 s],N2O2(48) surface ROP [kmol/m^2 s],X(1) ROP [kmol/m^2 s],HX(9) ROP [kmol/m^2 s],OX(10) ROP [kmol/m^2 s],HOX(13) ROP [kmol/m^2 s],H2OX(14) ROP [kmol/m^2 s],NH3_X(22) ROP [kmol/m^2 s],N_X(23) ROP [kmol/m^2 s],NO_X(24) ROP [kmol/m^2 s],N2X2(28) ROP [kmol/m^2 s],NN_ads(29) ROP [kmol/m^2 s],H2NX(30) ROP [kmol/m^2 s],O2_ads(49) ROP [kmol/m^2 s],NH_ads(60) ROP [kmol/m^2 s],NOX2(87) ROP [kmol/m^2 s],2 NO(5) <=> N2O2(48) ROP [kmol/m^3 s],NO(5) + O2(2) <=> ONOOJ(37) ROP [kmol/m^3 s],O2(2) + 2 X(1) <=> 2 OX(10) ROP [kmol/m^2 s],NH3(6) + X(1) <=> NH3_X(22) ROP [kmol/m^2 s],O2_ads(49) <=> 2 OX(10) ROP [kmol/m^2 s],O2_ads(49) <=> 2 OX(10) ROP [kmol/m^2 s],NH3_X(22) + OX(10) <=> H2NX(30) + HOX(13) ROP [kmol/m^2 s],HX(9) + OX(10) <=> HOX(13) + X(1) ROP [kmol/m^2 s],H2O(3) + 2 X(1) <=> HOX(13) + HX(9) ROP [kmol/m^2 s],NH3(6) + 2 X(1) <=> H2NX(30) + HX(9) ROP [kmol/m^2 s],NH3_X(22) + X(1) <=> H2NX(30) + HX(9) ROP [kmol/m^2 s],H2O(3) + X(1) <=> H2OX(14) ROP [kmol/m^2 s],H2OX(14) + OX(10) <=> 2 HOX(13) ROP [kmol/m^2 s],HOX(13) + HX(9) <=> H2OX(14) + X(1) ROP [kmol/m^2 s],HOX(13) + NH3_X(22) <=> H2NX(30) + H2OX(14) ROP [kmol/m^2 s],H2NX(30) + X(1) <=> HX(9) + NH_ads(60) ROP [kmol/m^2 s],HOX(13) + NH_ads(60) <=> H2NX(30) + OX(10) ROP [kmol/m^2 s],NH3_X(22) + NH_ads(60) <=> 2 H2NX(30) ROP [kmol/m^2 s],H2OX(14) + NH_ads(60) <=> H2NX(30) + HOX(13) ROP [kmol/m^2 s],NH3_X(22) + NH_ads(60) <=> 2 H2NX(30) ROP [kmol/m^2 s],N2(4) + 2 X(1) <=> 2 N_X(23) ROP [kmol/m^2 s],NH_ads(60) + X(1) <=> HX(9) + N_X(23) ROP [kmol/m^2 s],HOX(13) + N_X(23) <=> NH_ads(60) + OX(10) ROP [kmol/m^2 s],NH3_X(22) + N_X(23) <=> H2NX(30) + NH_ads(60) ROP [kmol/m^2 s],H2OX(14) + N_X(23) <=> HOX(13) + NH_ads(60) ROP [kmol/m^2 s],H2NX(30) + N_X(23) <=> 2 NH_ads(60) ROP [kmol/m^2 s],NOX2(87) <=> N_X(23) + OX(10) ROP [kmol/m^2 s],N_X(23) + O2_ads(49) <=> NOX2(87) + OX(10) ROP [kmol/m^2 s],NOX2(87) <=> N_X(23) + OX(10) ROP [kmol/m^2 s],NO_X(24) + X(1) <=> N_X(23) + OX(10) ROP [kmol/m^2 s],NO(5) + X(1) <=> NO_X(24) ROP [kmol/m^2 s],NO_X(24) + X(1) <=> NOX2(87) ROP [kmol/m^2 s],N2(4) + X(1) <=> NN_ads(29) ROP [kmol/m^2 s],N2(4) + 2 X(1) <=> N2X2(28) ROP [kmol/m^2 s],N2X2(28) <=> 2 N_X(23) ROP [kmol/m^2 s],NOX2(87) + N_X(23) <=> N2X2(28) + OX(10) ROP [kmol/m^2 s],NN_ads(29) + X(1) <=> N2X2(28) ROP [kmol/m^2 s],N2O2(48) + 2 X(1) <=> 2 NO_X(24) ROP [kmol/m^2 s]
0,598,101324.99999999996,2.771e-08,0.066,0.3527272727272728,0.5812727272727272,0.18711340206185567,598.0,1e-11,1e-22,IdealGasReactor,off,0.5812727272727273,0.0,0.0,0.35272727272727283,0.0,0.0,0.0,0.06600000000000002,0.0,0.0,0.0,1.0,0.0,0.0,0.0,0.0,0.0,0.0,0.0,0.0,0.0,0.0,0.0,0.0,0.0,0.0,0.0,0.0,0.0,0.0,0.0,0.0,0.0,0.0,0.0,0.0,0.0,0.0,0.0,-0.03425192324571779,0.0,0.0,0.0,-0.017105685780366146,0.0,0.0,0.0,-0.0995260223982013,0.013916490126399578,0.06850384649143558,0.0,0.0,0.0031891956539665685,0.0,0.0,0.0,0.0,0.013916490126399578,0.0,0.0,0.0,0.0,0.0,0.03425192324571779,0.0031891956539665685,0.0,0.0,0.0,0.0,0.0,0.013916490126399578,0.0,0.0,0.0,0.0,0.0,0.0,0.0,0.0,0.0,0.0,0.0,0.0,0.0,0.0,0.0,0.0,0.0,0.0,0.0,0.0,0.0,0.0,0.0,0.0,0.0,0.0,0.0,0.0
0.009,598,101324.99999952434,2.771e-08,0.066,0.3527272727272728,0.5812727272727272,0.18711340206185567,598.0,1e-11,1e-22,IdealGasReactor,off,0.5814163731414835,0.0,0.0,0.35247965414879595,8.872077100653905e-05,5.748174747869292e-05,2.175489771977304e-15,0.06595777019123299,0.0,4.8319090445014367e-26,4.735414934466285e-37,0.3292312751526038,4.729235770432212e-07,0.6678290900010231,3.977767806093802e-07,3.5357269783015253e-07,0.0018940344907804015,1.0961567863771814e-07,3.7785095325851924e-06,1.0106795283759738e-05,2.7273575019168146e-05,0.000950972739303821,1.323312707618559e-15,5.1997029981861256e-05,1.3781773615496512e-07,0.0,0.0,0.0,-1.0405492048045543e-19,0.0,0.0,-1.0405492048441041e-19,0.0,0.0,1.0405492048045543e-19,1.9774884431679743e-30,0.0,0.0,0.0,-0.003709994324468272,0.0009788763319156962,0.0004627003015667317,2.3439012897240956e-14,-0.0006441715610726812,0.0,0.0,3.048122351569007e-37,-0.006259304873463704,-1.4287483212908772e-08,0.006440990464238347,-2.426833395194235e-09,5.0479273637940514e-09,-7.826038668565948e-06,2.6532921621026514e-10,1.1756798646532949e-07,-3.7077976336292986e-05,-9.955345402019395e-05,-1.4936064488311927e-06,2.552583128411522e-17,1.2339667518917628e-06,1.6636785763671138e-09,1.9774884431679743e-30,1.0405492048045543e-19,0.003709994324468272,7.64423004471044e-05,-1.2762916653960584e-17,-1.2762916653960584e-17,7.436033792494706e-09,0.0014368565556279473,-5.073006843349835e-07,0.0005677292606255768,9.084700865181198e-05,-0.0009783690312313612,-0.0009783593174772663,3.8887401847882317e-14,1.3933472996830042e-08,0.00012714346845892177,-0.00051970671951655,-3.2979014570390096e-06,-8.27107161641964e-10,-3.2979014570390096e-06,-0.00032606882055929054,0.0006516298311316463,-6.67559308641342e-07,-4.236128852937814e-09,-1.0624128661544261e-12,4.438819336696147e-08,-5.961995997501995e-08,2.0238059469485388e-24,-5.961995997501995e-08,-1.1952653308945078e-15,-2.3439012897240956e-14,-1.1756800870907705e-07,-8.243932994149488e-05,-5.419215106594629e-05,-4.241828963791075e-11,8.232664595745205e-12,1.711412407869907e-05,-3.048122351569007e-37
0.018,598,101324.99999999999,2.771e-08,0.066,0.3527272727272728,0.5812727272727272,0.18711340206185567,598.0,1e-11,1e-22,IdealGasReactor,off,0.5814163731381611,0.0,0.0,0.35247965412589444,8.872080529269615e-05,5.748175516324338e-05,7.490193656191604e-12,0.06595777016799828,0.0,1.66377492339977e-22,5.613452353912323e-30,2.5203065259584822e-06,4.010335141701432e-17,0.9999858881190188,9.909824555886345e-12,2.3637437305788946e-13,1.5638043542488135e-08,1.7167068035628277e-12,1.1575893491365523e-05,4.3240540696833806e-17,1.521917243256258e-11,2.906925139276602e-13,2.9670450211985835e-15,1.2312646120700461e-11,3.231968197291294e-12,0.0,0.0,0.0,-3.4619959965702463e-19,0.0,0.0,-3.461996229820639e-19,0.0,0.0,3.4619959965702463e-19,1.1662519622787439e-26,0.0,0.0,0.0,-2.1737585194265836e-13,3.5682343531412747e-13,7.997701082654296e-14,7.792826857025864e-14,-2.378822902075011e-13,0.0,0.0,2.8789801974756854e-36,-2.216792347586419e-23,7.966358704654546e-29,-5.51854777549942e-23,0.0,5.239457370383784e-26,-1.9521703769745347e-24,-6.994899307796848e-23,-3.707764899218901e-23,-4.627331066983685e-30,-3.073402086741062e-27,3.192069617443239e-29,-2.0256637861877577e-30,-3.9837475713661096e-29,9.314146263344859e-23,1.1662519622787439e-26,3.4619959965702463e-19,2.1737585194265836e-13,1.4954207088870775e-13,0.0,0.0,1.320132778232743e-13,1.0704767450836172e-13,-7.72040071733387e-22,8.834021931879332e-14,1.7525926756220413e-14,-3.568234345420874e-13,-3.568205682201094e-13,5.917593227235262e-29,2.8663094638554594e-18,2.9752335877848214e-19,-2.3788199601945057e-13,9.184839188225102e-25,-6.2988751004131776e-24,9.184839188225102e-25,-7.997699739864935e-14,1.1812316820294093e-15,-2.367010551832026e-13,-1.3560492092950407e-25,-6.2676049769333184e-24,-3.337818019304025e-21,-3.896413542976164e-14,2.0256637861877577e-30,-3.896413542976164e-14,-7.904742566737952e-22,-7.792826857025864e-14,-7.792826774270673e-14,-1.3357189746884115e-20,-7.070386211615669e-23,-1.0404215445504494e-20,3.0236750854663597e-21,-1.3357186673482028e-20,-2.8789801974756854e-36
0.026999999999999996,598,101325.0,2.771e-08,0.066,0.3527272727272728,0.5812727272727272,0.18711340206185567,598.0,1e-11,1e-22,IdealGasReactor,off,0.5814163731348392,-1.0018927593250208e-76,0.0,0.3524796541029983,8.872083957280457e-05,5.748176284785406e-05,1.497405904148815e-11,0.0659577701447677,0.0,3.326144313701289e-22,2.2434842779767797e-29,2.5199988271164472e-06,4.009478018435622e-17,0.9999858869698784,9.909062183697265e-12,2.3634559949535554e-13,1.5636134325805997e-08,1.7167135211900817e-12,1.157735224459583e-05,4.32299888332054e-17,1.5217316390672943e-11,2.9064123136200953e-13,2.9670450143794935e-15,1.2310481444538124e-11,3.2319808412164637e-12,0.0,0.0,0.0,-3.460076259002527e-19,0.0,0.0,-3.4600769597634464e-19,0.0,0.0,3.460076259002527e-19,3.503804596629646e-26,0.0,0.0,0.0,-2.1732276804541583e-13,3.567604857946627e-13,7.99776367566326e-14,7.788505030676143e-14,-2.378403224964751e-13,0.0,0.0,2.879701842052438e-36,1.6022607943066679e-21,1.2385911984385145e-26,-4.910764400599991e-22,-5.593970451103239e-26,-6.4330255789164345e-24,-1.3623295427357727e-21,-4.340357590667088e-22,2.822890912808098e-22,-9.817355458492433e-28,-1.4160034316055437e-23,6.824857077767958e-28,-7.082736019525881e-24,-3.275153263251336e-27,2.1884925471977044e-22,3.503804596629646e-26,3.460076259002527e-19,2.1732276804541583e-13,1.4952167242951374e-13,3.54136699749265e-24,3.54136699749265e-24,1.3199716044109606e-13,1.0702147416166785e-13,-7.718016364776112e-22,8.831865006696134e-14,1.7521647610005262e-14,-3.567604850228611e-13,-3.567576192648237e-13,5.915765638153627e-29,2.865739041027744e-18,2.9743455356483468e-19,-2.378400297563367e-13,9.182272501289861e-25,-6.297279390429463e-24,9.182272501289861e-25,-7.997762331447598e-14,1.1808798219617675e-15,-2.3665944069389687e-13,-1.3551713847687019e-25,-6.266020986453343e-24,-3.336547077366598e-21,-3.894252652078133e-14,2.0245405822337638e-30,-3.894252652078133e-14,-7.900358707436344e-22,-7.788505030676143e-14,-7.788504979901465e-14,-1.3371452150102119e-20,-7.070448339342336e-23,-1.0404296870955844e-20,3.023698746488098e-21,-1.3357292115786064e-20,-2.879701842052438e-36
0.036,598,101324.99999999996,2.771e-08,0.066,0.3527272727272728,0.5812727272727272,0.18711340206185567,598.0,1e-11,1e-22,IdealGasReactor,off,0.5814163731315178,-3.65817669258864e-88,0.0,0.35247965408010773,8.872087384686883e-05,5.748177053252464e-05,2.245377519858541e-11,0.0659577701215412,0.0,4.987592047717949e-22,5.0445529925097665e-29,2.519691333307788e-06,4.00862155071784e-17,0.9999858858213251,9.908300299702456e-12,2.363168451299479e-13,1.5634226381311805e-08,1.7167202080776011e-12,1.1578810204572056e-05,4.321944528955244e-17,1.5215461586413165e-11,2.905899868208513e-13,2.967045007563678e-15,1.2308318371357581e-11,3.231993427270555e-12,0.0,0.0,0.0,-3.4581578785280003e-19,0.0,0.0,-3.4581590457897045e-19,0.0,0.0,3.4581578785280003e-19,5.836308521187134e-26,0.0,0.0,0.0,-2.1726972599514463e-13,3.5669758298825877e-13,7.997825979865579e-14,7.78418690515381e-14,-2.3779838866004254e-13,0.0,0.0,2.880420525501068e-36,-3.0522550530116997e-22,-9.300418356120138e-28,-2.6086107444785167e-21,-8.633293746738753e-27,-5.076205713100528e-23,3.504843221633119e-23,-2.6301464475746422e-21,-3.415429582268567e-22,4.7070206314044603e-29,-1.9981909838120647e-24,-1.1512515872766917e-27,-2.06797176556245e-25,8.991042167256482e-28,2.9518304457655287e-21,5.836308521187134e-26,3.4581578785280003e-19,2.1726972599514463e-13,1.495012908414955e-13,1.0339757656912846e-25,1.0339757656912846e-25,1.3198105379859216e-13,1.0699529449232855e-13,-7.715634067981062e-22,8.829709781854705e-14,1.751737183710804e-14,-3.5669758221669535e-13,-3.5669471698432676e-13,5.913939624801683e-29,2.865169046357655e-18,2.9734582427165073e-19,-2.3779809460998856e-13,9.179707937342359e-25,-6.295684985423459e-24,9.179707937342359e-25,-7.997824636855742e-14,1.1805282624117223e-15,-2.366178570209055e-13,-1.3542944435801914e-25,-6.2644382900239674e-24,-3.335277325097415e-21,-3.8920936947975016e-14,2.0234179880674644e-30,-3.8920936947975016e-14,-7.895978548385419e-22,-7.78418690515381e-14,-7.784186792039729e-14,-1.3359393407734745e-20,-7.070495961889108e-23,-1.0404377924122486e-20,3.0237222993175432e-21,-1.3357395216750933e-20,-2.880420525501068e-36
0.045,598,101324.99999999996,2.771e-08,0.066,0.3527272727272728,0.5812727272727272,0.18711340206185567,598.0,1e-11,1e-22,IdealGasReactor,off,0.5814163731281972,-3.221158200561684e-86,-1.746299666288111e-86,0.3524796540572224,8.872090811489343e-05,5.7481778217254866e-05,2.992934567626719e-11,0.06595777009831881,0.0,6.648118913731003e-22,8.962690355229338e-29,2.5193840438176356e-06,4.007765736388442e-17,0.9999858846733669,9.907538902164923e-12,2.3628810989455077e-13,1.5632319704576286e-08,1.7167268627141508e-12,1.1580267363739378e-05,4.320891003881672e-17,1.521360801547804e-11,2.9053878017742735e-13,2.9670450007514777e-15,1.2306156895813155e-11,3.2320059526085336e-12,0.0,0.0,0.0,-3.4562411621082214e-19,0.0,0.0,-3.4562427978901945e-19,0.0,0.0,3.4562411621082214e-19,8.17890986533145e-26,0.0,0.0,0.0,-2.1721672565560585e-13,3.566347264606457e-13,7.997887984815765e-14,7.779872470489572e-14,-2.3775648534405014e-13,0.0,0.0,2.8811362502799132e-36,-1.0775006393749788e-21,3.8410071635908e-27,-1.138454271027183e-21,4.4428646182047385e-27,1.4579512651616364e-22,9.39752713538877e-22,-1.1334165877155727e-21,1.0916471776614581e-23,-2.72082969322684e-28,9.610219091764454e-26,-3.8463830856804313e-28,1.0081243492525808e-24,3.0004324530081184e-27,1.1253922139360805e-21,8.17890986533145e-26,3.4562411621082214e-19,2.1721672565560585e-13,1.4948092282585675e-13,-5.040631857745012e-25,-5.040631857745012e-25,1.3196495785837203e-13,1.0696913543301303e-13,-7.713253820435837e-22,8.827556251819337e-14,1.751309942655349e-14,-3.566347256893203e-13,-3.5663186122308e-13,5.912115182188239e-29,2.864599478425834e-18,2.972571706578487e-19,-2.3775619047667725e-13,9.177145489588403e-25,-6.2940918811914836e-24,9.177145489588403e-25,-7.997886642004915e-14,1.1801770024248067e-15,-2.36576304061463e-13,-1.353418384616637e-25,-6.262856883475702e-24,-3.3340087593047148e-21,-3.8899364037894964e-14,2.022296421724038e-30,-3.8899364037894964e-14,-7.891602159596583e-22,-7.779872470489572e-14,-7.779872392665197e-14,-1.3357403004385789e-20,-7.070549081810313e-23,-1.0404458586681934e-20,3.0237457386299064e-21,-1.3357499106576707e-20,-2.8811362502799132e-36
0.054,598,101325.0,2.771e-08,0.066,0.3527272727272728,0.5812727272727272,0.18711340206185567,598.0,1e-11,1e-22,IdealGasReactor,off,0.5814163731248772,-1.6413751238997876e-66,4.6053691341217376e-94,0.3524796540343428,8.872094237688282e-05,5.7481785902044466e-05,3.740077401878252e-11,0.06595777007510051,0.0,8.307725699014577e-22,1.3996038494875694e-28,2.5190769587072918e-06,4.006910575451911e-17,0.9999858835259994,9.90677799127437e-12,2.362593937951461e-13,1.563041429598251e-08,1.7167334859497517e-12,1.1581723726903078e-05,4.31983830805335e-17,1.521175567823667e-11,2.904876114343161e-13,2.9670449939428077e-15,1.2303997018018363e-11,3.232018418830627e-12,0.0,0.0,0.0,-3.4543261097431904e-19,0.0,0.0,-3.4543282100064645e-19,0.0,0.0,3.4543261097431904e-19,1.050131637030211e-25,0.0,0.0,0.0,-2.1716376702447687e-13,3.5657191680480867e-13,7.997949697949713e-14,7.775561725044298e-14,-2.377146111512731e-13,0.0,0.0,2.8818490249817762e-36,-2.5150857613487917e-23,-2.356265879102935e-27,9.19951159877998e-23,1.4186874519494676e-26,-6.5829032438622075e-24,-4.7546855715013036e-23,8.828610378645376e-23,-8.654430170288883e-23,-1.1245992747220797e-28,-3.0709471516040142e-24,-9.393425153242391e-28,5.1698586166977305e-25,-1.8137884363294114e-27,-6.214192824730479e-24,1.050131637030211e-25,3.4543261097431904e-19,2.1716376702447687e-13,1.4946056698631661e-13,-2.5849394142282115e-25,-2.5849394142282115e-25,1.3194887262366912e-13,1.069429969825555e-13,-7.71087562164916e-22,8.825404416495651e-14,1.750883037815743e-14,-3.565719160337211e-13,-3.565690519842471e-13,5.91029230993484e-29,2.8640303372522953e-18,2.9716859270636415e-19,-2.37714317358512e-13,9.174585157705402e-25,-6.2925000775572165e-24,9.174585157705402e-25,-7.997948354811813e-14,1.1798260419341215e-15,-2.365347818177507e-13,-1.352543206611e-25,-6.261276766636738e-24,-3.332741379249327e-21,-3.88778096963653e-14,2.021175869244489e-30,-3.88778096963653e-14,-7.887229477467926e-22,-7.775561725044298e-14,-7.775561637517573e-14,-1.3360672952744788e-20,-7.070604321795201e-23,-1.0404538868933032e-20,3.0237690674181754e-21,-1.3357602005593184e-20,-2.8818490249817762e-36
0.06299999999999999,598,101324.99999999999,2.771e-08,0.066,0.3527272727272728,0.5812727272727272,0.18711340206185567,598.0,1e-11,1e-22,IdealGasReactor,off,0.5814163731215576,-5.433919024360159e-80,1.8545199513072074e-82,0.3524796540114684,8.872097663284144e-05,5.748179358689313e-05,4.486806376617492e-11,0.06595777005188627,0.0,9.96641318990853e-22,2.0142742686654818e-28,2.5187700776926825e-06,4.006056066948993e-17,0.9999858823792226,9.906017566359595e-12,2.3623069680495445e-13,1.5628510153762155e-08,1.7167400775824729e-12,1.1583179293361176e-05,4.3187864402391033e-17,1.520990457297046e-11,2.90436480536449e-13,2.967044987137646e-15,1.230183873565237e-11,3.2320308255566566e-12,0.0,0.0,0.0,-3.4524126729652934e-19,0.0,0.0,-3.4524152336709006e-19,0.0,0.0,3.4524126729652934e-19,1.280352803609911e-25,0.0,0.0,0.0,-2.1711085003988731e-13,3.565091534450299e-13,7.99801111621736e-14,7.771254663478353e-14,-2.3767276896493925e-13,0.0,0.0,2.8825588554448403e-36,-3.810641807863295e-24,-2.121938660548875e-29,1.745858992692106e-23,-3.0292258760486853e-28,2.2064845262494253e-25,1.4389841941667405e-24,2.1729897944358566e-23,1.8062264156919628e-24,1.036016698690441e-29,1.5284337810838148e-25,2.586214261888187e-29,-2.5851414198590703e-26,5.837570698635487e-29,-1.947230017712152e-23,1.280352803609911e-25,3.4524126729652934e-19,2.1711085003988731e-13,1.4944022623124213e-13,1.2924697071141057e-26,1.2924697071141057e-26,1.3193279807955564e-13,1.0691687911034117e-13,-7.708499468446338e-22,8.823254273369711e-14,1.7504564686926057e-14,-3.5650915267418e-13,-3.5650628920022773e-13,5.908471005609732e-29,2.863461622214036e-18,2.9708009030044336e-19,-2.3767247521042866e-13,9.172026938482345e-25,-6.290909572549095e-24,9.172026938482345e-25,-7.99800977339154e-14,1.1794753804776879e-15,-2.3649329024515256e-13,-1.351668908366343e-25,-6.25969793755268e-24,-3.3314751830999138e-21,-3.885627442631184e-14,2.020056308588299e-30,-3.885627442631184e-14,-7.882860569545661e-22,-7.771254663478353e-14,-7.77125458483037e-14,-1.3357551638402107e-20,-7.070656125304771e-23,-1.0404618768423712e-20,3.023792284969718e-21,-1.3357704481780215e-20,-2.8825588554448403e-36
0.07199999999999998,598,101325.00000000003,2.771e-08,0.066,0.3527272727272728,0.5812727272727272,0.18711340206185567,598.0,1e-11,1e-22,IdealGasReactor,off,0.5814163731182386,3.764961077954142e-66,-1.0224829445073407e-66,0.3524796539885995,8.872101088277377e-05,5.7481801271800586e-05,5.233121845444894e-11,0.06595777002867614,0.0,1.1624182171855602e-21,2.740095134633592e-28,2.518463400633528e-06,4.005202210322592e-17,0.9999858812330362,9.90525762710896e-12,2.362020189109203e-13,1.562660727704694e-08,1.7167466378466884e-12,1.1584634064695547e-05,4.3177353997032663e-17,1.5208054698835724e-11,2.903853874528306e-13,2.967044980335973e-15,1.2299682047411633e-11,3.232043173227892e-12,0.0,0.0,0.0,-3.45050085177453e-19,0.0,0.0,-3.450503881000406e-19,0.0,0.0,3.45050085177453e-19,1.5146129380243427e-25,0.0,0.0,0.0,-2.1705797466478986e-13,3.5644643654684905e-13,7.998072242764618e-14,7.766951281996401e-14,-2.3763095767480817e-13,0.0,0.0,2.8832657486292666e-36,1.134876782877759e-22,1.0501655560957918e-28,2.6738906125944638e-22,2.0194839173657902e-28,-3.7392982877752883e-23,1.8374748775438424e-24,2.6554558217605405e-22,7.569340004471622e-23,7.100547106989473e-30,1.1276924412315408e-25,-3.9402885709664917e-28,4.135882873388483e-25,3.3230765632435122e-28,-3.437502074371e-22,1.5146129380243427e-25,3.45050085177453e-19,2.1705797466478986e-13,1.4941989946544617e-13,-2.0679515313825692e-25,-2.0679515313825692e-25,1.319167342187016e-13,1.0689078179804662e-13,-7.7061253587750045e-22,8.821105820936199e-14,1.7500302349875318e-14,-3.564464357762365e-13,-3.564435728329631e-13,5.906651267639128e-29,2.862893332957128e-18,2.9699166336498015e-19,-2.3763066400706244e-13,9.169470829918054e-25,-6.289320364946153e-24,9.169470829918054e-25,-7.998070899924528e-14,1.179125017758647e-15,-2.364518293186087e-13,-1.3507954886607266e-25,-6.258120395014799e-24,-3.3302101694841337e-21,-3.883475739393653e-14,2.018937665552386e-30,-3.883475739393653e-14,-7.878495387019022e-22,-7.766951281996401e-14,-7.766951210780788e-14,-1.335769381006989e-20,-7.070709368485493e-23,-1.0404698287990505e-20,3.0238153921089097e-21,-1.3357806579314013e-20,-2.8832657486292666e-36
0.08099999999999999,598,101324.99999999999,2.771e-08,0.066,0.3527272727272728,0.5812727272727272,0.18711340206185567,598.0,1e-11,1e-22,IdealGasReactor,off,0.58141637311492,3.7649610779379136e-66,-3.2849907343398323e-78,0.35247965396573594,8.872104512668423e-05,5.7481808956766524e-05,5.979024161517348e-11,0.06595777000547007,0.0,1.3281033429313171e-21,3.576881602383178e-28,2.5181569272580317e-06,4.0043490046491567e-17,0.9999858800874403,9.904498172883375e-12,2.361733600875422e-13,1.562470566415022e-08,1.7167531665772325e-12,1.1586088040397908e-05,4.3166851852585085e-17,1.5206206054190546e-11,2.903343321305339e-13,2.9670449735377896e-15,1.2297526951066436e-11,3.2320554615333543e-12,0.0,0.0,0.0,-3.4485908077296143e-19,0.0,0.0,-3.4485943458654375e-19,0.0,0.0,3.4485908077296143e-19,1.7690679116124322e-25,0.0,0.0,0.0,-2.1700514083948535e-13,3.563837659211518e-13,7.998133075721507e-14,7.762651575404235e-14,-2.3758917732114274e-13,0.0,0.0,2.883969710440368e-36,3.623093752468682e-22,-1.1697644854878778e-27,-8.536126278054698e-22,9.34011311781678e-27,4.726500936173528e-24,3.722044475539168e-23,-8.338588484063763e-22,4.1866987630854056e-22,1.326854223348291e-28,8.500134025937446e-26,1.1938548751848432e-27,1.757756783855193e-24,-5.794183348848332e-28,4.304678497688291e-22,1.7690679116124322e-25,3.4485908077296143e-19,2.1700514083948535e-13,1.493995867534488e-13,-8.788794008375919e-25,-8.788794008375919e-25,1.3190068102686847e-13,1.0686470501615407e-13,-7.703753289563885e-22,8.81895905676939e-14,1.749604336219262e-14,-3.563837651507765e-13,-3.563809028174898e-13,5.904833093669315e-29,2.8623254688832534e-18,2.969033117869793e-19,-2.3758888370510125e-13,9.166916828913833e-25,-6.287732452845155e-24,9.166916828913833e-25,-7.998131732868439e-14,1.1787749533299772e-15,-2.3641039899525377e-13,-1.349922946298885e-25,-6.2565441371368855e-24,-3.328946336614871e-21,-3.881325941980253e-14,2.017819990829945e-30,-3.881325941980253e-14,-7.874133978205738e-22,-7.762651575404235e-14,-7.762651538529882e-14,-1.3357823057040601e-20,-7.070762281330711e-23,-1.0404777425626976e-20,3.0238383882526144e-21,-1.335790805838086e-20,-2.883969710440368e-36
0.08999999999999998,598,101324.99999999999,2.771e-08,0.066,0.3527272727272728,0.5812727272727272,0.18711340206185567,598.0,1e-11,1e-22,IdealGasReactor,off,0.5814163731116022,3.7649610779164286e-66,5.945518290354193e-130,0.352479653942878,8.872107936457732e-05,5.748181664179073e-05,6.724513677567211e-11,0.06595776998226809,0.0,1.493696774579592e-21,4.5244491397222126e-28,2.517850657475259e-06,4.0034964495093436e-17,0.9999858789424327,9.903739203493233e-12,2.3614472032636864e-13,1.562280531450801e-08,1.7167596641560742e-12,1.1587541222821987e-05,4.3156357963385e-17,1.5204358638486286e-11,2.902833145467929e-13,2.967044966743145e-15,1.2295373445660007e-11,3.232067691192208e-12,0.0,0.0,0.0,-3.446682088466148e-19,0.0,0.0,-3.446685998187012e-19,0.0,0.0,3.446682088466148e-19,1.954860432010085e-25,0.0,0.0,0.0,-2.1695234853548119e-13,3.5632114166657957e-13,7.998193618650253e-14,7.758355540440169e-14,-2.375474277782148e-13,0.0,0.0,2.8846707481937227e-36,-9.45739780175565e-24,-4.6408390340680293e-29,-4.942535426458969e-24,-4.0389678347315804e-28,-3.158988807961814e-29,4.951829675888677e-25,-4.570079511885673e-24,-8.673595072664684e-24,-5.074238596680436e-31,5.3074561703269674e-27,1.0327918343228584e-28,2.5847377438974184e-26,-1.2089293372512006e-28,1.354593454951916e-23,1.954860432010085e-25,3.446682088466148e-19,2.1695234853548119e-13,1.4937928798109914e-13,-1.2924697071141057e-26,-1.2924697071141057e-26,1.3188463849929488e-13,1.0683864875054576e-13,-7.701383259145341e-22,8.816813979711563e-14,1.7491787721581376e-14,-3.5632114089644125e-13,-3.563182791258703e-13,5.903016482421648e-29,2.861758029729881e-18,2.968150355056746e-19,-2.375471342859144e-13,9.164364933880408e-25,-6.286145835282198e-24,9.164364933880408e-25,-7.998192275779037e-14,1.1784251869515811e-15,-2.3636899925669447e-13,-1.3490512800535172e-25,-6.2549691629650824e-24,-3.3276836832783305e-21,-3.879177882307884e-14,2.0167033079308622e-30,-3.879177882307884e-14,-7.869776196673504e-22,-7.758355540440169e-14,-7.758355460875047e-14,-1.3358004002799597e-20,-7.070815095568315e-23,-1.0404856185958829e-20,3.0238612747451985e-21,-1.3358009310255767e-20,-2.8846707481937227e-36
0.09899999999999999,598,101324.99999999996,2.771e-08,0.066,0.3527272727272728,0.5812727272727272,0.18711340206185567,598.0,1e-11,1e-22,IdealGasReactor,off,0.5814163731082851,3.764961077894949e-66,5.945518290320272e-130,0.3524796539200254,8.872111359645748e-05,5.748182432687288e-05,7.469590745914847e-11,0.06595776995907018,0.0,1.6591985903902806e-21,5.582613526685632e-28,2.5175445910015176e-06,4.002644543947194e-17,0.9999858777980148,9.902980718269897e-12,2.3611609960080263e-13,1.5620906226359766e-08,1.7167661303798286e-12,1.158899361125832e-05,4.3145872317160346e-17,1.5202512450008964e-11,2.90232334646724e-13,2.9670449599520042e-15,1.2293221528880325e-11,3.23207986182154e-12,0.0,0.0,0.0,-3.444775501777699e-19,0.0,0.0,-3.444779944642317e-19,0.0,0.0,3.444775501777699e-19,2.2214323091023692e-25,0.0,0.0,0.0,-2.1689959769108038e-13,3.562585636535751e-13,7.998253869242104e-14,7.754063171789356e-14,-2.3750570914172377e-13,0.0,0.0,2.8853688676655328e-36,-5.407684064335297e-23,2.5410735292937057e-27,1.71919514068595e-21,-1.2722748679404478e-26,1.0615003394732815e-23,3.22661288401854e-23,1.7141517889836315e-21,-8.370571510863947e-24,5.131024234839846e-28,3.97639538772945e-24,3.365439578977881e-27,-1.8611583938318696e-24,-3.9080169244648925e-27,-1.7070125156845145e-21,2.2214323091023692e-25,3.444775501777699e-19,2.1689959769108038e-13,1.4935900326916552e-13,9.305781891221561e-25,9.305781891221561e-25,1.3186860662111912e-13,1.0681261297071981e-13,-7.699015264360315e-22,8.814670587255824e-14,1.7487535423067844e-14,-3.562585628836736e-13,-3.562557016907357e-13,5.901201431474926e-29,2.86119101487704e-18,2.9672683440478246e-19,-2.3750541570458987e-13,9.161815141623514e-25,-6.2845605102944036e-24,9.161815141623514e-25,-7.998252526757933e-14,1.178075718163432e-15,-2.3632763005848435e-13,-1.348180488736328e-25,-6.253395470554116e-24,-3.3264222076537117e-21,-3.877031611992616e-14,2.0155875573457365e-30,-3.877031611992616e-14,-7.865422156314113e-22,-7.754063171789356e-14,-7.754063092298078e-14,-1.335413305602679e-20,-7.07086528684341e-23,-1.0404934566516443e-20,3.0238840508689346e-21,-1.335810945141452e-20,-2.8853688676655328e-36
0.10799999999999997,598,101324.99999999999,2.771e-08,0.066,0.3527272727272728,0.5812727272727272,0.18711340206185567,598.0,1e-11,1e-22,IdealGasReactor,off,0.5814163731049687,3.7649610774378756e-66,-2.192615453822983e-76,0.3524796538971783,8.872114782232917e-05,5.748183201201273e-05,8.214255718455989e-11,0.06595776993587636,1.8617835368159027e-81,1.8246088685290145e-21,6.751190854916516e-28,2.5172387276536424e-06,4.001793287287169e-17,0.9999858766541854,9.902222716794374e-12,2.360874978937107e-13,1.56190083985687e-08,1.7167725653494177e-12,1.1590445206590013e-05,4.3135394905106504e-17,1.5200667487656437e-11,2.901813923922287e-13,2.9670449531643e-15,1.2291071199122885e-11,3.2320919736112806e-12,0.0,0.0,0.0,-3.4428700136885005e-19,0.0,0.0,-3.442874860449902e-19,0.0,0.0,3.4428700136885005e-19,2.4233807008389483e-25,0.0,0.0,0.0,-2.1684688826193997e-13,3.561960318727293e-13,7.998313829573433e-14,7.749774465215455e-14,-2.374640215276553e-13,0.0,0.0,2.8860640754103994e-36,-3.1017009738661646e-22,1.3033273786298112e-28,1.1373107382589747e-22,-3.6350710512584224e-27,-8.0823362970474075e-25,2.797090998466564e-22,1.1661881010579795e-22,-2.774852943994739e-23,-3.176030156893501e-29,6.067854974087605e-25,-4.45011824063112e-28,-2.0679716761100187e-25,8.35009268176441e-28,-8.576118118966919e-23,2.4233807008389483e-25,3.4428700136885005e-19,2.1684688826193997e-13,1.493387327516512e-13,1.0339757656912846e-25,1.0339757656912846e-25,1.3185258538274392e-13,1.0678659765474518e-13,-7.696649302830635e-22,8.812528877600413e-14,1.748328646307717e-14,-3.5619603110306434e-13,-3.5619317046529737e-13,5.899387939006172e-29,2.860624423891363e-18,2.9663870839709174e-19,-2.3746372792994907e-13,9.15926744978771e-25,-6.2829764764415835e-24,9.15926744978771e-25,-7.998312486742179e-14,1.1777265466205993e-15,-2.3628629136977676e-13,-1.347310571141665e-25,-6.2518230584770566e-24,-3.3251619082392352e-21,-3.8748873388222187e-14,2.0144727449520395e-30,-3.8748873388222187e-14,-7.86107188128643e-22,-7.749774465215455e-14,-7.749774383829884e-14,-1.3357603337190392e-20,-7.070919456935695e-23,-1.0405012568518831e-20,3.0239067169780235e-21,-1.33582101226878e-20,-2.8860640754103994e-36
0.11699999999999998,598,101324.99999999999,2.771e-08,0.066,0.3527272727272728,0.5812727272727272,0.18711340206185567,598.0,1e-11,1e-22,IdealGasReactor,off,0.5814163731016524,3.764961075692208e-66,-4.409412134875776e-133,0.35247965387433644,8.87211820421967e-05,5.748183969720992e-05,8.958508946659643e-11,0.06595776991268656,1.8617835368052832e-81,1.9899276870666045e-21,8.029997527055305e-28,2.516933067323371e-06,4.0009426790624535e-17,0.9999858755109428,9.901465198833407e-12,2.360589151949661e-13,1.5617111830463533e-08,1.7167789693909122e-12,1.159189601087695e-05,4.3124925720971233e-17,1.5198823750773e-11,2.9013048775767693e-13,2.967044946380079e-15,1.2288922455311022e-11,3.2321040271753625e-12,0.0,0.0,0.0,-3.4409665935508335e-19,0.0,0.0,-3.4409719896118607e-19,0.0,0.0,3.4409665935508335e-19,2.6980305136006957e-25,0.0,0.0,0.0,-2.1679422021664726e-13,3.5613354627130926e-13,7.998373501918629e-14,7.745489417280187e-14,-2.3742236467178286e-13,0.0,0.0,2.8867563785547837e-36,-5.376476051463121e-22,-7.026195274948356e-27,-8.74794691692132e-22,1.4590771302967834e-26,-1.2978020801917824e-23,4.995602069289982e-22,-9.083599609882741e-22,-8.536425414109958e-23,-3.672307621776765e-28,-2.4985559896628898e-24,1.968209587291397e-28,1.26661829961295e-24,-2.4454688061851366e-27,9.597725558354226e-22,2.6980305136006957e-25,3.4409665935508335e-19,2.1679422021664726e-13,1.493184761770933e-13,-6.333101564859118e-25,-6.333101564859118e-25,1.3183657477850224e-13,1.067606027870671e-13,-7.694285372759109e-22,8.810388849468958e-14,1.747904083907768e-14,-3.5613354550188073e-13,-3.5613068541811455e-13,5.897576003637914e-29,2.8600582564785882e-18,2.965506574170151e-19,-2.3742207094101777e-13,9.156721856644649e-25,-6.281393732672037e-24,9.156721856644649e-25,-7.99837215876679e-14,1.1773776720639767e-15,-2.362449831698733e-13,-1.346441526052369e-25,-6.2502519256933956e-24,-3.3239027837719175e-21,-3.8727448642733455e-14,2.0133588736885072e-30,-3.8727448642733455e-14,-7.856725306016393e-22,-7.745489417280187e-14,-7.745489330176508e-14,-1.3360808662064035e-20,-7.070973129059534e-23,-1.0405090195914245e-20,3.0239292742199587e-21,-1.3358310106074372e-20,-2.8867563785547837e-36
0.12599999999999997,598,101324.99999999999,2.771e-08,0.066,0.3527272727272728,0.5812727272727272,0.18711340206185567,598.0,1e-11,1e-22,IdealGasReactor,off,0.581416373098337,3.764961075680392e-66,-4.397274106634847e-183,0.35247965385150015,8.872121625606467e-05,5.7481847382464254e-05,9.702350781588202e-11,0.06595776988950089,1.8617835367946673e-81,2.1551551239835473e-21,9.418850256171276e-28,2.516627609604736e-06,4.0000927179777023e-17,0.99998587436829,9.90070816341526e-12,2.360303514665131e-13,1.5615216519526643e-08,1.716785341928878e-12,1.1593346021464185e-05,4.3114464748306437e-17,1.519698123690545e-11,2.9007962066790463e-13,2.9670449395994055e-15,1.228677529427558e-11,3.2321160214304777e-12,0.0,0.0,0.0,-3.4390642720124176e-19,0.0,0.0,-3.4390700881260996e-19,0.0,0.0,3.4390642720124176e-19,2.908056841006738e-25,0.0,0.0,0.0,-2.1674159347251976e-13,3.5607110672896034e-13,7.998432880210171e-14,7.741208021383631e-14,-2.373807378340983e-13,0.0,0.0,2.8874457818624786e-36,-3.257419630658345e-23,1.6823428448136085e-28,1.9501737147088583e-22,3.3826355615876986e-27,2.1981272893295984e-24,1.3324360013653976e-23,1.9377183643914144e-22,-1.5956889064193374e-23,1.6752482245794643e-28,1.6843126959554867e-24,5.427303790528444e-28,-2.8434534781108796e-25,1.9839851766308447e-28,-1.7845041338400034e-22,2.908056841006738e-25,3.4390642720124176e-19,2.1674159347251976e-13,1.4929823283907956e-13,1.4217166778255163e-25,1.4217166778255163e-25,1.318205747871414e-13,1.0673462832680815e-13,-7.691923470047616e-22,8.808250499501873e-14,1.747479854440574e-14,-3.56071105959768e-13,-3.560682464569258e-13,5.895765622229056e-29,2.859492511793202e-18,2.9646268131331154e-19,-2.373804446762879e-13,9.154178357988131e-25,-6.279812276393828e-24,9.154178357988131e-25,-7.998431537466703e-14,1.1770290938949263e-15,-2.362037053978502e-13,-1.3455733523094684e-25,-6.248682069632865e-24,-3.3226448320508276e-21,-3.8706041129071244e-14,2.0122459846974418e-30,-3.8706041129071244e-14,-7.852382411768555e-22,-7.741208021383631e-14,-7.741207941264118e-14,-1.3356724457789554e-20,-7.07102242793573e-23,-1.0405167441723274e-20,3.0239517205664155e-21,-1.335840877048551e-20,-2.8874457818624786e-36
0.13499999999999998,598,101324.99999999996,2.771e-08,0.066,0.3527272727272728,0.5812727272727272,0.18711340206185567,598.0,1e-11,1e-22,IdealGasReactor,off,0.581416373095022,4.236240487035095e-65,5.611282152141243e-100,0.3524796538286691,8.872125046393737e-05,5.74818550677754e-05,1.0445781573887696e-10,0.06595776986631922,1.861783536784052e-81,2.320291257167884e-21,1.0917566065150163e-27,2.5163223544442996e-06,3.999243403719452e-17,0.9999858732262242,9.899951610442356e-12,2.36001806703385e-13,1.561332246542389e-08,1.7167916834522666e-12,1.159479524126082e-05,4.310401198276832e-17,1.5195139945735316e-11,2.900287911064174e-13,2.9670449328222166e-15,1.2284629715325182e-11,3.2321279572971457e-12,0.0,0.0,0.0,-3.4371637599315917e-19,0.0,0.0,-3.4371698991627005e-19,0.0,0.0,3.4371637599315917e-19,3.069615554396001e-25,0.0,0.0,0.0,-2.166890080076417e-13,3.5600871325612566e-13,7.998491970248685e-14,7.736930274672703e-14,-2.3733914231429636e-13,0.0,0.0,2.888132292854248e-36,2.927293982333916e-22,6.706331555238097e-27,3.6117735779683196e-21,-2.5950368338150404e-26,1.403697979562478e-23,1.3419253795554562e-22,3.636108022081471e-21,4.670847817950763e-22,4.387179324007868e-28,6.7766938290829975e-25,3.4685856411543996e-27,-2.1455017249434053e-24,-1.6207147297765688e-27,-4.076147796906087e-21,3.069615554396001e-25,3.4371637599315917e-19,2.166890080076417e-13,1.492780040462097e-13,1.0727498569047078e-24,1.0727498569047078e-24,1.3180458540583984e-13,1.0670867426311278e-13,-7.689563593326999e-22,8.806113826808668e-14,1.7470559577291835e-14,-3.560087124871693e-13,-3.5600585356149125e-13,5.893956793730047e-29,2.8589271896422808e-18,2.9637478003630317e-19,-2.3733884912226047e-13,9.151636952546486e-25,-6.278232106840563e-24,9.151636952546486e-25,-7.99849062739466e-14,1.1766808119173427e-15,-2.36162458040415e-13,-1.3447060486907262e-25,-6.2471134895379876e-24,-3.3213880519891893e-21,-3.8684650688416876e-14,2.011133989816767e-30,-3.8684650688416876e-14,-7.848043216292286e-22,-7.736930274672703e-14,-7.736930242900749e-14,-1.3357829519389137e-20,-7.071074211723777e-23,-1.040524431186858e-20,3.023974057738635e-21,-1.3358507188772045e-20,-2.888132292854248e-36
0.144,598,101324.99999999999,2.771e-08,0.066,0.3527272727272728,0.5812727272727272,0.18711340206185567,598.0,1e-11,1e-22,IdealGasReactor,off,0.5814163730917078,4.237126770759071e-65,5.611282152109257e-100,0.35247965380584356,8.872128466581934e-05,5.748186275314314e-05,1.1188801673723452e-10,0.06595776984314167,1.8617835367734392e-81,2.4853361644007996e-21,1.2525962285951806e-27,2.5160173017172295e-06,3.9983947357758434e-17,0.9999858720847435,9.899195539640219e-12,2.359732808939155e-13,1.5611429667382412e-08,1.7167979942398938e-12,1.1596243672087511e-05,4.309356741755418e-17,1.5193299876507576e-11,2.899779990449067e-13,2.967044926048443e-15,1.2282485717268801e-11,3.232139835300141e-12,0.0,0.0,0.0,-3.4352651865553264e-19,0.0,0.0,-3.4352718750860607e-19,0.0,0.0,3.4352651865553264e-19,3.3442653671577486e-25,0.0,0.0,0.0,-2.1663646378781528e-13,3.559463658403975e-13,7.99855077409134e-14,7.732656173569811e-14,-2.3729757723159655e-13,0.0,0.0,2.8888159184948382e-36,-3.874651855257566e-24,4.187377250984368e-30,-6.361318803894512e-23,0.0,1.592217876386365e-25,4.558689992152329e-24,-5.3193289156456e-23,9.873244250226865e-24,-4.467657932899062e-30,-1.4133231977939648e-25,6.0084447704427684e-30,-2.0100230132080735e-30,4.930380657631324e-30,5.311559197975456e-23,3.3442653671577486e-25,3.4352651865553264e-19,2.1663646378781528e-13,1.4925778893159846e-13,0.0,0.0,1.317886066280735e-13,1.066827405790661e-13,-7.687205740677927e-22,8.803978829999808e-14,1.746632393498113e-14,-3.559463650716769e-13,-3.559435066970242e-13,5.892149516669658e-29,2.85836228970161e-18,2.9628695351586633e-19,-2.3729728425576993e-13,9.149097638458496e-25,-6.276653222878375e-24,9.149097638458496e-25,-7.998549431145497e-14,1.1763328258540194e-15,-2.3612124107467143e-13,-1.3438396139832462e-25,-6.245546184286024e-24,-3.3201324422753046e-21,-3.866328201915623e-14,2.0100230132080735e-30,-3.866328201915623e-14,-7.843707754100251e-22,-7.732656173569811e-14,-7.732656096120058e-14,-1.3358747172881188e-20,-7.071126034954869e-23,-1.040532080972579e-20,3.0239962867175084e-21,-1.3358605840561408e-20,-2.8888159184948382e-36
0.153,598,101325.0,2.771e-08,0.066,0.3527272727272728,0.5812727272727272,0.18711340206185567,598.0,1e-11,1e-22,IdealGasReactor,off,0.5814163730883939,4.23712677073492e-65,8.610157292308414e-92,0.3524796537830233,8.872131886171486e-05,5.748187043856713e-05,1.1931411430945877e-10,0.06595776981996812,1.8617835367628274e-81,2.650289923393636e-21,1.4243856559360273e-27,2.5157124511808444e-06,3.9975467133069246e-17,0.9999858709438488,9.898439950441975e-12,2.359447740153599e-13,1.5609538123896876e-08,1.7168042742021687e-12,1.1597691313821466e-05,4.3083131041831223e-17,1.5191461027757123e-11,2.8992724443541853e-13,2.9670449192781995e-15,1.228034329808689e-11,3.232151655270973e-12,0.0,0.0,0.0,-3.433368228766195e-19,0.0,0.0,-3.433375466596555e-19,0.0,0.0,3.433368228766195e-19,3.618915179919496e-25,0.0,0.0,0.0,-2.1658396075856483e-13,3.5588406437703403e-13,7.99860929089369e-14,7.728385713197965e-14,-2.372560422925487e-13,0.0,0.0,2.8894966647665705e-36,5.074132241243768e-22,2.074176449828825e-27,9.919552531065e-22,3.937993638863291e-27,6.4779715845043754e-24,-6.297932495007343e-22,9.618528117924649e-22,-1.4106408182807236e-22,2.391559634675635e-28,-7.094636328323274e-25,-1.563741270565547e-27,-1.1890741394579337e-24,-1.2292425055606416e-27,-8.468790349468205e-22,3.618915179919496e-25,3.433368228766195e-19,2.1658396075856483e-13,1.492375872239306e-13,5.945360652724886e-25,5.945360652724886e-25,1.3177263844113457e-13,1.0665682724770891e-13,-7.684849909270716e-22,8.801845506861808e-14,1.7462091613082824e-14,-3.5588406360854906e-13,-3.558812058046965e-13,5.890343788879095e-29,2.8577978114285924e-18,2.9619920164797297e-19,-2.3725575003757407e-13,9.146560412882388e-25,-6.275075622763363e-24,9.146560412882388e-25,-7.998607947881233e-14,1.1759851352934814e-15,-2.36080054461795e-13,-1.342974047008991e-25,-6.243980152149038e-24,-3.318878001230575e-21,-3.8641929192058676e-14,2.0089129564237096e-30,-3.8641929192058676e-14,-7.839375934473446e-22,-7.728385713197965e-14,-7.728385620697798e-14,-1.3359412794780351e-20,-7.071177108768102e-23,-1.0405396934204774e-20,3.0240184071863894e-21,-1.3358703331147519e-20,-2.8894966647665705e-36
0.16199999999999998,598,101325.00000000004,2.771e-08,0.066,0.3527272727272728,0.5812727272727272,0.18711340206185567,598.0,1e-11,1e-22,IdealGasReactor,off,0.5814163730850809,4.237126770710776e-65,8.610279711428546e-92,0.35247965376020857,8.872135305162848e-05,5.748187812404714e-05,1.2673611194913876e-10,0.06595776979679865,1.8617835367522183e-81,2.8151526117484593e-21,1.6071066834014737e-27,2.5154078025400053e-06,3.996699335327511e-17,0.999985869803541,9.89768484215032e-12,2.359162860400784e-13,1.5607647833134533e-08,1.716810523097419e-12,1.1599138165554449e-05,4.3072702842979425e-17,1.5189623397702513e-11,2.8987652722126857e-13,2.9670449125113786e-15,1.2278202455390752e-11,3.232163416754529e-12,0.0,0.0,0.0,-3.4314724341998e-19,0.0,0.0,-3.4314799951475867e-19,0.0,0.0,3.4314724341998e-19,3.7804738933087593e-25,0.0,0.0,0.0,-2.1653149885641018e-13,3.558218088273647e-13,7.998667518516319e-14,7.724118888161029e-14,-2.372145382224393e-13,0.0,0.0,2.890174537245947e-36,9.990592818099817e-22,4.459855832626389e-28,-1.7105671985715924e-21,-8.027448571529016e-27,2.0846239301432825e-24,-9.971917086562803e-22,-1.737434140603251e-21,-2.4410044845503098e-23,-1.3433892948858276e-28,-2.182197523120297e-24,9.970110163211167e-28,1.4217146700216822e-24,-2.7807346909040666e-28,1.733902465112433e-21,3.7804738933087593e-25,3.4314724341998e-19,2.1653149885641018e-13,1.4921739967428608e-13,-7.108583389127582e-25,-7.108583389127582e-25,1.3175668082955096e-13,1.0663093423767013e-13,-7.682496095873251e-22,8.799713854815323e-14,1.7457862606478052e-14,-3.558218080591151e-13,-3.558189508149296e-13,5.888539607880865e-29,2.8572337541832606e-18,2.9611152431356288e-19,-2.372142464212857e-13,9.144025272539326e-25,-6.273499304480794e-24,9.144025272539326e-25,-7.998666175346776e-14,1.175637739764636e-15,-2.360388981558643e-13,-1.3421093465944217e-25,-6.242415391129939e-24,-3.3176247270099383e-21,-3.862059641581917e-14,2.0078038341573545e-30,-3.862059641581917e-14,-7.835047884122653e-22,-7.724118888161029e-14,-7.724118807369546e-14,-1.3360983145474495e-20,-7.071228705201684e-23,-1.040547268237188e-20,3.024040418292582e-21,-1.3358800947951375e-20,-2.890174537245947e-36
0.17099999999999999,598,101312.79731325863,2.771e-08,0.066,0.3527272727272728,0.5812727272727272,0.18711340206185567,598.0,1e-11,1e-22,IdealGasReactor,off,0.5814163730842576,4.237126770704799e-65,8.610279711416427e-92,0.35247965375874724,8.872135465065512e-05,5.748187848414809e-05,1.2708326441856354e-10,0.06595776979677692,1.8617835367495898e-81,2.8222841722463518e-21,1.6157284291064925e-27,2.515412598783941e-06,3.996033411666155e-17,0.9999858698035412,9.896379943782778e-12,2.3587581743636833e-13,1.5602857007821927e-08,1.716813795695763e-12,1.1599138164611066e-05,4.3064507142185043e-17,1.5186700487459644e-11,2.8978255134355574e-13,2.967044912511403e-15,1.2277392418819473e-11,3.2321695781745472e-12,0.0,0.0,0.0,-5.622786688882084e-15,0.0,0.0,-5.622786696391333e-15,0.0,0.0,5.622786688882084e-15,3.754624499166477e-24,0.0,0.0,0.0,-2.1650624295772943e-13,3.1784943242818563e-13,7.632666439876993e-14,7.723883904207444e-14,-1.7477932850656249e-12,0.0,0.0,2.8901725388725617e-36,-1.5521883012826135e-12,1.0354339336074322e-17,7.51344635055528e-18,7.477331189254084e-17,3.785552113643545e-14,1.5106347778396233e-12,-3.142682553506768e-19,-1.2924220624789128e-17,6.77861151669862e-21,3.660308948556754e-15,2.0871247903290625e-17,-7.755018981625042e-26,-6.125559827262411e-17,-6.692286998527501e-19,3.754624499166477e-24,5.622786688882084e-15,2.1650624295772943e-13,1.659806408578188e-12,3.877409121342317e-26,3.877409121342317e-26,1.3171623762835165e-13,1.0660491694487522e-13,-7.679660497493111e-22,8.798687648743696e-14,1.745253712838163e-14,-3.1784943166021956e-13,-3.5570209680400594e-13,5.886487307633241e-29,2.855980137209017e-18,2.960160915212121e-19,-2.371373432748547e-13,9.141459238774769e-25,-6.270638659139043e-24,9.141459238774769e-25,-7.99869666963739e-14,1.1755624202672918e-15,-2.36023325832438e-13,-1.3414404652402992e-25,-6.2411806189148954e-24,-3.3172902375315615e-21,-3.8612623916726486e-14,2.0073894040730806e-30,-3.8612623916726486e-14,-7.833487707071781e-22,-7.723883904207444e-14,-7.722591403810088e-14,3.660284015209421e-15,1.8282394549523283e-20,-1.0405512352436425e-20,3.024051947442006e-21,-2.4933347332703094e-20,-2.8901725388725617e-36
0.18,598,101323.71414437122,2.771e-08,0.066,0.3527272727272728,0.5812727272727272,0.18711340206185567,598.0,1e-11,1e-22,IdealGasReactor,off,0.5814163730842608,4.237126770704828e-65,8.610279711416482e-92,0.3524796537587324,8.872135467854518e-05,5.748187849059926e-05,1.270893220947895e-10,0.0659577697967486,1.8617835367496005e-81,2.8229882640028468e-21,1.616056583939433e-27,2.5154125577245535e-06,3.9962857336952987e-17,0.9999858698035414,9.896382921810364e-12,2.359164032909648e-13,1.560289878498037e-08,1.7168137678267657e-12,1.1599138164606589e-05,4.3062454323459e-17,1.5185972136584925e-11,2.8978415994618157e-13,2.9670449125114043e-15,1.2277372827442569e-11,3.2321695256918106e-12,0.0,0.0,0.0,6.031303632048357e-16,0.0,0.0,6.031303556891244e-16,0.0,0.0,-6.031303632048357e-16,3.7578556734342624e-24,0.0,0.0,0.0,-2.1652956930865238e-13,3.638849433542478e-13,6.861697541843392e-14,7.723869931007654e-14,-2.589971756777581e-12,0.0,0.0,2.8901724199010553e-36,-2.3560729529382725e-12,-9.893125712659556e-19,-1.164228817208692e-17,1.8225099910351083e-16,-8.222649301425192e-15,2.3528033723829538e-12,-1.6778593089110755e-18,-9.310780009194179e-18,3.0997733910532616e-20,1.1369971112782117e-14,2.943204937429862e-17,-7.755018984199154e-26,-5.956070704350059e-17,-3.1526763615449646e-18,3.7578556734342624e-24,-6.031303632048357e-16,2.1652956930865238e-13,2.501975402249402e-12,3.877409121342317e-26,3.877409121342317e-26,1.3171659030287302e-13,1.0662578318891704e-13,-7.680015551183829e-22,8.799635452817879e-14,1.7452583573237928e-14,-3.6388494258624623e-13,-3.556594372836655e-13,5.88661211534981e-29,2.8559886436153494e-18,2.9601772989469096e-19,-2.3713865964035587e-13,9.14143844213036e-25,-6.270675354856572e-24,9.14143844213036e-25,-7.998696409938609e-14,1.175560525200778e-15,-2.3602294920344574e-13,-1.3414479793782436e-25,-6.241172537787879e-24,-3.317274918749723e-21,-3.8613119047188825e-14,2.0074151451953117e-30,-3.8613119047188825e-14,-7.833799948571867e-22,-7.723869931007654e-14,-7.722938774668735e-14,1.1369931689296662e-14,5.699165550156749e-20,-1.0405512014619276e-20,3.0240518492514843e-21,-3.9423485454905635e-20,-2.8901724199010553e-36
0.189,598,101323.58386824452,2.771e-08,0.066,0.3527272727272728,0.5812727272727272,0.18711340206185567,598.0,1e-11,1e-22,IdealGasReactor,off,0.5814163730840949,4.237126770703645e-65,8.610279711414066e-92,0.35247965375820867,8.872135538893195e-05,5.748187865098476e-05,1.272435646512185e-10,0.06595776979641273,1.8617835367490752e-81,2.826408636172451e-21,1.6199795508669015e-27,2.5154131768011212e-06,3.996274898054034e-17,0.9999858698035413,9.896374171546372e-12,2.3591639225811444e-13,1.560228322815165e-08,1.716814189972784e-12,1.1599138164459235e-05,4.305471809921829e-17,1.5183233905630527e-11,2.8978135914688534e-13,2.9670449125114027e-15,1.227697650652358e-11,3.2321703205615295e-12,0.0,0.0,0.0,5.53963108193732e-16,0.0,0.0,5.53963100665096e-16,0.0,0.0,-5.53963108193732e-16,3.764318021969833e-24,0.0,0.0,0.0,-2.1652939745878117e-13,3.645889776367375e-13,5.97406526676679e-14,7.723760885304231e-14,-2.8978169016559123e-12,0.0,0.0,2.890171490766724e-36,-2.67209818863623e-12,-1.0256959591235372e-18,1.0333956240933809e-17,1.6850742117110634e-16,-8.927743194608187e-15,2.6606544678470164e-12,-1.8963956612130356e-18,-1.532666477738109e-17,5.596925719715927e-20,2.0246308227904785e-14,2.5773440288909553e-17,2.584738692253053e-26,-5.4196063360702756e-17,-3.563090295756554e-18,3.764318021969833e-24,-5.53963108193732e-16,2.1652939745878117e-13,2.809820616954664e-12,-1.2924697071141057e-26,-1.2924697071141057e-26,1.3171139389368368e-13,1.0662502784969303e-13,-7.679979547280011e-22,8.799628470124841e-14,1.7451899338824284e-14,-3.645889768687395e-13,-3.556583777881741e-13,5.886582259103736e-29,2.8558734456185506e-18,2.9601494170039416e-19,-2.371363676662537e-13,9.140622248917997e-25,-6.270609203610568e-24,9.140622248917997e-25,-7.998700343525942e-14,1.1755228667175132e-15,-2.3601533024184426e-13,-1.3413870361706637e-25,-6.240965550822815e-24,-3.3170308548054104e-21,-3.860936066935763e-14,2.007219751585582e-30,-3.860936066935763e-14,-7.833072478301405e-22,-7.723760885304231e-14,-7.722228140495768e-14,2.0246249224255134e-14,1.0154333637997318e-19,-1.0405517131855805e-20,3.0240533365304163e-21,-5.900364965120013e-20,-2.890171490766724e-36
0.19799999999999995,598,101304.45519243662,2.771e-08,0.066,0.3527272727272728,0.5812727272727272,0.18711340206185567,598.0,1e-11,1e-22,IdealGasReactor,off,0.5814163730841098,4.2371267707037574e-65,8.610279711414281e-92,0.3524796537582149,8.872135539281557e-05,5.7481878651669625e-05,1.2724440495547227e-10,0.06595776979638648,1.8617835367491232e-81,2.8256735472533875e-21,1.6196951105918494e-27,2.515413071516452e-06,3.995975151285208e-17,0.9999858698035411,9.896380454703626e-12,2.3586845363444077e-13,1.5602387788944987e-08,1.7168141178953794e-12,1.1599138164458514e-05,4.305687769368363e-17,1.518400142191817e-11,2.8978237027674924e-13,2.9670449125114023e-15,1.227697410570102e-11,3.2321701848905453e-12,0.0,0.0,0.0,-4.610409643813354e-15,0.0,0.0,-4.610409651335528e-15,0.0,0.0,4.610409643813354e-15,3.761086847702048e-24,0.0,0.0,0.0,-2.1648849405714365e-13,3.5424071572589445e-13,7.159457659179286e-14,7.723777292150254e-14,-1.3302628956116413e-12,0.0,0.0,2.8901716306235027e-36,-1.1029698374444161e-12,7.467747895034342e-18,5.167495802597834e-18,4.199836036264152e-17,1.4721064877203068e-15,1.0931160828811849e-12,-2.1034330102375015e-19,-2.032142173678619e-17,1.2858386973513988e-20,8.392420698658803e-15,9.324924360992402e-18,-2.5851401317350956e-26,-5.3322192839669944e-17,-4.514552067598807e-19,3.761086847702048e-24,4.610409643813354e-15,2.1648849405714365e-13,1.2422832309171292e-12,1.2924697071141057e-26,1.2924697071141057e-26,1.3171227657525256e-13,1.0660003034684003e-13,-7.679750212087776e-22,8.797966469451209e-14,1.7452015564600032e-14,-3.5424071495791945e-13,-3.5570996553873026e-13,5.88643957396402e-29,2.855894397829038e-18,2.9601596219104225e-19,-2.371371951027183e-13,9.140680271554138e-25,-6.2706350647476204e-24,9.140680271554138e-25,-7.998699671926929e-14,1.1755225876358457e-15,-2.360152840878968e-13,-1.341385710521128e-25,-6.240968292727935e-24,-3.3170274761224108e-21,-3.8608501142674403e-14,2.0071750688412554e-30,-3.8608501142674403e-14,-7.832632738636627e-22,-7.723777292150254e-14,-7.721745071650248e-14,8.392378131985584e-15,4.199549085191763e-20,-1.0405516258133258e-20,3.0240530826332985e-21,-4.25666732191702e-20,-2.8901716306235027e-36
0.20699999999999996,598,101324.35081541781,2.771e-08,0.066,0.3527272727272728,0.5812727272727272,0.18711340206185567,598.0,1e-11,1e-22,IdealGasReactor,off,0.581416373084023,4.2371267707031274e-65,8.610279711413043e-92,0.3524796537578018,8.872135599182842e-05,5.748187878676281e-05,1.2737446743213766e-10,0.0659577697960219,1.8617835367488472e-81,2.8293273597115757e-21,1.6233266851567047e-27,2.515413237218193e-06,3.996263726001683e-17,0.999985869803541,9.896331335791513e-12,2.3591652774014375e-13,1.560222433388121e-08,1.7168142308610125e-12,1.1599138164290412e-05,4.3052280858636405e-17,1.5182372057706752e-11,2.897837027419205e-13,2.9670449125114035e-15,1.2276642044871658e-11,3.2321703976374625e-12,0.0,0.0,0.0,3.109756227209755e-16,0.0,0.0,3.1097561515356536e-16,0.0,0.0,-3.109756227209755e-16,3.7837050675765446e-24,0.0,0.0,0.0,-2.1653104712057574e-13,3.59566591134088e-13,5.6554528728248804e-14,7.723667576509588e-14,-2.988943243542511e-12,0.0,0.0,2.8901706948052683e-36,-2.7714441893551373e-12,-4.940481063108905e-19,1.9652801573325215e-17,1.7431449589993355e-16,-3.9107441966335205e-15,2.7517807020917744e-12,-1.9266860686053977e-18,-2.077189380725197e-17,6.579311824415235e-20,2.34324261534493e-14,2.3963248713035287e-17,-7.755018947922296e-26,-4.581646791946522e-17,-3.623864909866187e-18,3.7837050675765446e-24,-3.109756227209755e-16,2.1653104712057574e-13,2.900946288545595e-12,3.877409121342317e-26,3.877409121342317e-26,1.3171089671988282e-13,1.066250690465003e-13,-7.679880804452215e-22,8.799695499691591e-14,1.745183388193969e-14,-3.5956659036609994e-13,-3.556529903066509e-13,5.886522639152961e-29,2.855850304092965e-18,2.9601734281925435e-19,-2.3713828549705415e-13,9.140194209472121e-25,-6.2706327748018e-24,9.140194209472121e-25,-7.998700724524524e-14,1.1754908701836917e-15,-2.3600890047656806e-13,-1.341335053084549e-25,-6.240768515366446e-24,-3.3168161828706947e-21,-3.8606141123594896e-14,2.0070523766183884e-30,-3.8606141123594896e-14,-7.832424504009552e-22,-7.723667576509588e-14,-7.721590308804618e-14,2.3432360977522972e-14,1.1753947346230423e-19,-1.0405517627507639e-20,3.0240534806680388e-21,-6.517592632632757e-20,-2.8901706948052683e-36
0.21599999999999997,598,101323.63522366965,2.771e-08,0.066,0.3527272727272728,0.5812727272727272,0.18711340206185567,598.0,1e-11,1e-22,IdealGasReactor,off,0.5814163730841295,4.2371267707039e-65,8.610279711414625e-92,0.3524796537578409,8.872135603523892e-05,5.7481878795461206e-05,1.273838901910964e-10,0.06595776979581525,1.8617835367491895e-81,2.8295272549283444e-21,1.623555404898535e-27,2.5154124514833962e-06,3.996284845969354e-17,0.9999858698035411,9.896380735294224e-12,2.3591634809489277e-13,1.5603005648500785e-08,1.7168136945284078e-12,1.1599138164278651e-05,4.306470428345872e-17,1.5186768061943662e-11,2.8979075411460286e-13,2.9670449125114023e-15,1.2276620522142233e-11,3.2321693879165634e-12,0.0,0.0,0.0,5.590671008844018e-16,0.0,0.0,5.590670933493034e-16,0.0,0.0,-5.590671008844018e-16,3.767549196237618e-24,0.0,0.0,0.0,-2.165293823306555e-13,3.64293679903139e-13,7.125240116335144e-14,7.72366157381039e-14,-2.5284983313284647e-12,0.0,0.0,2.8901706435711685e-36,-2.291571704273941e-12,-1.004111419993375e-18,1.0516710589242633e-17,1.7449067024275624e-16,-8.63159498871756e-15,2.2913290019739283e-12,-1.6352798418989649e-18,-2.1872176232435126e-17,2.3461007853878e-20,8.734546074598114e-15,2.498080558945698e-17,-2.585140117886156e-26,-3.962993523527286e-17,-3.0711957622280247e-18,3.767549196237618e-24,-5.590671008844018e-16,2.165293823306555e-13,2.440502052774833e-12,1.2924697071141057e-26,1.2924697071141057e-26,1.317174924236088e-13,1.0662576873172546e-13,-7.680013357450931e-22,8.799627855363173e-14,1.7452702368028758e-14,-3.6429367913513763e-13,-3.5565922812633526e-13,5.886609124975696e-29,2.8560075731381968e-18,2.960244534079054e-19,-2.371440558368405e-13,9.140634848432233e-25,-6.270816661404102e-24,9.140634848432233e-25,-7.998695726939469e-14,1.1754884421929706e-15,-2.360084867188247e-13,-1.3413189510415623e-25,-6.24078872637695e-24,-3.3167896266036623e-21,-3.860583730346463e-14,2.0070365794436812e-30,-3.860583730346463e-14,-7.832315734881864e-22,-7.72366157381039e-14,-7.721474277863989e-14,8.734512342625136e-15,4.3763418114196373e-20,-1.0405511126096347e-20,3.0240515912349336e-21,-3.3731972977649655e-20,-2.8901706435711685e-36
0.22499999999999998,598,101320.78763815363,2.771e-08,0.066,0.3527272727272728,0.5812727272727272,0.18711340206185567,598.0,1e-11,1e-22,IdealGasReactor,off,0.5814163730841071,4.237126770703738e-65,8.610279711414355e-92,0.35247965375767326,8.872135629356185e-05,5.748187885360898e-05,1.2743997715392842e-10,0.06595776979563236,1.8617835367491253e-81,2.830747860800513e-21,1.6249397499875436e-27,2.515412413726265e-06,3.996262995524506e-17,0.9999858698035411,9.8963125253395e-12,2.3591604296005666e-13,1.5603043998419223e-08,1.7168136686011581e-12,1.1599138164194726e-05,4.3063939757645675e-17,1.5186498075436916e-11,2.8978682737059286e-13,2.9670449125114023e-15,1.2276475805673158e-11,3.232169339147102e-12,0.0,0.0,0.0,1.8337492960438e-15,0.0,0.0,1.8337492883988415e-15,0.0,0.0,-1.8337492960438e-15,3.822479158789968e-24,0.0,0.0,0.0,-2.165232894564475e-13,3.8346803715175697e-13,7.176463346859437e-14,7.723624423273555e-14,-2.283371223613501e-12,0.0,0.0,2.8901703264033817e-36,-2.026746885667089e-12,-3.1917864899635287e-18,-9.466442339678993e-19,1.8461303794845194e-16,-2.7813978893623082e-14,2.046204003572148e-12,-1.6082789391887778e-18,-2.4383296066296987e-17,1.9000011231963493e-20,8.222315814466978e-15,2.6084863180716906e-17,2.5847387178957275e-26,-4.0047370028526404e-17,-3.006675674357591e-18,3.822479158789968e-24,-1.8337492960438e-15,2.165232894564475e-13,2.1953774207370593e-12,-1.2924697071141057e-26,-1.2924697071141057e-26,1.317178161660475e-13,1.0662550948555764e-13,-7.679965515781843e-22,8.799380287644202e-14,1.7452745002261606e-14,-3.834680363837604e-13,-3.5565120148271796e-13,5.886511058397802e-29,2.8559949079539857e-18,2.960204377522056e-19,-2.3714084246999805e-13,9.140603986686043e-25,-6.27068846964262e-24,9.140603986686043e-25,-7.998695485351027e-14,1.175474567922916e-15,-2.360057046571971e-13,-1.3412375554562056e-25,-6.2406721465354995e-24,-3.3167060023305967e-21,-3.860442825092198e-14,2.00696332483979e-30,-3.860442825092198e-14,-7.832024375516015e-22,-7.723624423273555e-14,-7.721186015346682e-14,8.222280208359529e-15,4.1176556369596085e-20,-1.0405510811812023e-20,3.0240514999374464e-21,-3.560610744938206e-20,-2.8901703264033817e-36
0.23399999999999999,598,101324.16569033527,2.771e-08,0.066,0.3527272727272728,0.5812727272727272,0.18711340206185567,598.0,1e-11,1e-22,IdealGasReactor,off,0.5814163730840243,4.237126770703148e-65,8.610279711413122e-92,0.3524796537575639,8.872135639417656e-05,5.748187887685588e-05,1.2746182461186915e-10,0.06595776979567897,1.8617835367488653e-81,2.8312670627907728e-21,1.6255511297070024e-27,2.5154129190569855e-06,3.9962537860888086e-17,0.9999858698035411,9.896283006827109e-12,2.3591648697847596e-13,1.5602541379066444e-08,1.7168140134714299e-12,1.1599138164159313e-05,4.30566443094528e-17,1.5183916311182708e-11,2.8978319031386536e-13,2.9670449125114035e-15,1.2276429825386917e-11,3.2321699884307223e-12,0.0,0.0,0.0,4.153438310896002e-16,0.0,0.0,4.1534382354803944e-16,0.0,0.0,-4.153438310896002e-16,3.7707803705054035e-24,0.0,0.0,0.0,-2.1653059665234223e-13,3.608363197018678e-13,6.16860515896759e-14,7.723605939866221e-14,-2.810431781454683e-12,0.0,0.0,2.8901701685581808e-36,-2.586535437133293e-12,-6.471954872540673e-19,1.8574657457429292e-17,1.845400390020614e-16,-5.1863458097282906e-15,2.5732663941404068e-12,-1.811106389141262e-18,-2.4548994670977316e-17,5.108190485054585e-20,1.8300897746714293e-14,2.7228447199551077e-17,-7.755018937069104e-26,-4.21355793649888e-17,-3.405687750733421e-18,3.7707803705054035e-24,-4.153438310896002e-16,2.1653059665234223e-13,2.7224350094939217e-12,3.877409121342317e-26,3.877409121342317e-26,1.3171357315272754e-13,1.0662537111120094e-13,-7.679808388254845e-22,8.799677196076143e-14,1.74521863047036e-14,-3.6083631893388694e-13,-3.5564711721725786e-13,5.886463057209455e-29,2.855894389538226e-18,2.96016781926594e-19,-2.371378661625358e-13,9.140242059073246e-25,-6.2705910636384725e-24,9.140242059073246e-25,-7.998698698872733e-14,1.1754704014476318e-15,-2.3600482072193523e-13,-1.3412425182988168e-25,-6.240630158259767e-24,-3.3166837925057524e-21,-3.860405347854749e-14,2.006943844694345e-30,-3.860405347854749e-14,-7.831982372617117e-22,-7.723605939866221e-14,-7.7211509620793e-14,1.8300843616947832e-14,9.178210360394467e-20,-1.040551499231848e-20,3.024052714887849e-21,-5.412976646060515e-20,-2.8901701685581808e-36
0.24299999999999997,598,101324.20343120664,2.771e-08,0.066,0.3527272727272728,0.5812727272727272,0.18711340206185567,598.0,1e-11,1e-22,IdealGasReactor,off,0.5814163730835193,4.237126770699498e-65,8.610279711405711e-92,0.35247965375708123,8.872135668732678e-05,5.7481878942550246e-05,1.27525484183866e-10,0.06595776979624374,1.861783536747255e-81,2.832680713004962e-21,1.6271758727597e-27,2.5154162975933256e-06,3.99600267261366e-17,0.9999858698035409,9.895509503587647e-12,2.359167703788278e-13,1.5599163425754942e-08,1.7168163191461353e-12,1.159913816403714e-05,4.305883064273811e-17,1.5184668602045336e-11,2.8971033690680965e-13,2.967044912511402e-15,1.2276074423129922e-11,3.232174329316702e-12,0.0,0.0,0.0,3.8144467146937737e-16,0.0,0.0,3.814446638955049e-16,0.0,0.0,-3.8144467146937737e-16,3.78693624184433e-24,0.0,0.0,0.0,-2.165312590798345e-13,3.6046670152033175e-13,6.40540103413225e-14,7.723560740421408e-14,-4.559266846973581e-12,0.0,0.0,2.8901697824087015e-36,-4.333377619998568e-12,-6.092757401255129e-19,2.9540184908448796e-17,2.7599155545669967e-16,-4.911715118365963e-15,4.322133462321183e-12,-3.0008800579948383e-18,-2.7961680731736586e-17,4.4393321663557705e-20,1.5933160528270254e-14,5.484388430876877e-17,-2.5851400927440215e-26,-9.488889507133161e-17,-5.645706092539494e-18,3.78693624184433e-24,-3.8144467146937737e-16,2.165312590798345e-13,4.471269805852188e-12,1.2924697071141057e-26,1.2924697071141057e-26,1.3168505713794841e-13,1.0662181486089369e-13,-7.678295509256521e-22,8.799704112139306e-14,1.7448431338446325e-14,-3.604667007525022e-13,-3.5555213056871105e-13,5.885304411394915e-29,2.8550529166400414e-18,2.959427588436196e-19,-2.370782481374857e-13,9.138786607509925e-25,-6.2685246032857785e-24,9.138786607509925e-25,-7.998720183331064e-14,1.175437950384946e-15,-2.359979883898057e-13,-1.3407552527490323e-25,-6.239961732526507e-24,-3.3165959606002883e-21,-3.860100112914761e-14,2.0067851580997716e-30,-3.860100112914761e-14,-7.831554169057001e-22,-7.723560740421408e-14,-7.720764494032692e-14,1.5933111593949345e-14,7.989803879348925e-20,-1.0405542941463766e-20,3.0240608375615826e-21,-4.893432090895689e-20,-2.8901697824087015e-36
0.25199999999999995,598,101323.18285315641,2.771e-08,0.066,0.3527272727272728,0.5812727272727272,0.18711340206185567,598.0,1e-11,1e-22,IdealGasReactor,off,0.5814163730838099,4.237126770701609e-65,8.610279711409988e-92,0.3524796537571393,8.872135688262074e-05,5.748187898598927e-05,1.2756788560103863e-10,0.06595776979561425,1.86178353674818e-81,2.8336077649647563e-21,1.6282417035568474e-27,2.515414100180085e-06,3.996066257171342e-17,0.9999858698035413,9.895658451985777e-12,2.3591638909024443e-13,1.560135888686151e-08,1.7168148190990034e-12,1.1599138163954548e-05,4.306463561437957e-17,1.5186733789339687e-11,2.8974870599974294e-13,2.9670449125114035e-15,1.227589428011249e-11,3.2321715053035303e-12,0.0,0.0,0.0,7.04031943627185e-16,0.0,0.0,7.040319360597748e-16,0.0,0.0,-7.04031943627185e-16,3.7837050675765446e-24,0.0,0.0,0.0,-2.1652869933390016e-13,3.671342314616963e-13,7.132924358868119e-14,7.723531725751256e-14,-3.3438169520954497e-12,0.0,0.0,2.8901695344255565e-36,-3.103985029146321e-12,-1.3134598323282758e-18,-1.5070737630511447e-18,2.8727308702016457e-16,-1.156060789636349e-14,3.1066636329480244e-12,-2.211785937613331e-18,-3.315414012299071e-17,2.2755481220929378e-20,8.657809143136048e-15,4.337981491810912e-17,-2.58514008236999e-26,-6.000894541419907e-17,-4.154028127581047e-18,3.7837050675765446e-24,-7.04031943627185e-16,2.1652869933390016e-13,3.2558209510594276e-12,1.2924697071141057e-26,1.2924697071141057e-26,1.3170359078705312e-13,1.0662390120942823e-13,-7.67866098843116e-22,8.79960010360219e-14,1.745087182493256e-14,-3.671342306938302e-13,-3.5557076728723343e-13,5.885563254866709e-29,2.8554977238131786e-18,2.959816947920277e-19,-2.371096466627821e-13,9.139513759954265e-25,-6.269449170648768e-24,9.139513759954265e-25,-7.998706205771814e-14,1.1754196748128137e-15,-2.35994525280323e-13,-1.340875430360831e-25,-6.239964088620511e-24,-3.316411390155487e-21,-3.8599005665107666e-14,2.0066814177845757e-30,-3.8599005665107666e-14,-7.831022131187198e-22,-7.723531725751256e-14,-7.720216233428736e-14,8.657775093322789e-15,4.337571416921815e-20,-1.0405524758019384e-20,3.024055553141124e-21,-3.4049813259449277e-20,-2.8901695344255565e-36
0.26099999999999995,598,101320.78818938487,2.771e-08,0.066,0.3527272727272728,0.5812727272727272,0.18711340206185567,598.0,1e-11,1e-22,IdealGasReactor,off,0.5814163730835591,4.2371267706997995e-65,8.610279711406424e-92,0.35247965375642537,8.872135781296453e-05,5.748187919569324e-05,1.2776990315796197e-10,0.06595776979523703,1.8617835367473781e-81,2.8380703663574705e-21,1.6333641771901913e-27,2.51541519128673e-06,3.996012494233927e-17,0.9999858698035409,9.895523156577419e-12,2.3591617170207324e-13,1.5600271182167112e-08,1.7168155632092296e-12,1.1599138163476825e-05,4.3058670649015295e-17,1.5184618787695175e-11,2.897317087734352e-13,2.9670449125114023e-15,1.2275321812657924e-11,3.2321729063713397e-12,0.0,0.0,0.0,1.6987073393037112e-15,0.0,0.0,1.6987073316587528e-15,0.0,0.0,-1.6987073393037112e-15,3.822479158789968e-24,0.0,0.0,0.0,-2.1652376889477425e-13,3.830528633890943e-13,6.558234533879547e-14,7.723390879630854e-14,-3.716520138182329e-12,0.0,0.0,2.890168329468742e-36,-3.4665163239638347e-12,-3.0972385348642004e-18,1.8706109945149488e-17,2.8435529783263445e-16,-2.749557090948237e-14,3.47937921389508e-12,-2.5848187323147477e-18,-4.187989222373561e-17,3.648289291203553e-20,1.4404763002428948e-14,4.4894287688020035e-17,-2.585140054231006e-26,-6.285873215223484e-17,-4.845001874370206e-18,3.822479158789968e-24,-1.6987073393037112e-15,2.1652376889477425e-13,3.6285261404991153e-12,1.2924697071141057e-26,1.2924697071141057e-26,1.3169440859882157e-13,1.066224182330396e-13,-7.678439650503512e-22,8.799399768321367e-14,1.74496627439153e-14,-3.830528626212503e-13,-3.55554436439655e-13,5.885342602880682e-29,2.8552596043368294e-18,2.9596446030631176e-19,-2.3709573734674195e-13,9.138453363431502e-25,-6.2689956803609675e-24,9.138453363431502e-25,-7.998713139452538e-14,1.175365370759476e-15,-2.3598352003849656e-13,-1.3406728041858401e-25,-6.239587787439433e-24,-3.31608308980526e-21,-3.859359307163515e-14,2.006400027946876e-30,-3.859359307163515e-14,-7.829982993805996e-22,-7.723390879630854e-14,-7.71920281210865e-14,1.4404713848000177e-14,7.220772973070819e-20,-1.0405533778070199e-20,3.0240581747037202e-21,-4.9154428771446575e-20,-2.890168329468742e-36
0.26999999999999996,598,101323.94911776684,2.771e-08,0.066,0.3527272727272728,0.5812727272727272,0.18711340206185567,598.0,1e-11,1e-22,IdealGasReactor,off,0.5814163730827445,4.2371267706939245e-65,8.610279711394584e-92,0.35247965375552226,8.872135849519334e-05,5.74818793490424e-05,1.2791807318140203e-10,0.06595776979597079,1.861783536744787e-81,2.841396055192675e-21,1.6372057523225077e-27,2.5154204848107302e-06,3.9955947586361105e-17,0.9999858698035409,9.894205618602262e-12,2.359170586808475e-13,1.5594980502389676e-08,1.7168191753113964e-12,1.159913816299802e-05,4.305908025860713e-17,1.5184731427788768e-11,2.896291965802369e-13,2.967044912511402e-15,1.2274341500850103e-11,3.232179706987349e-12,0.0,0.0,0.0,4.3015839836911623e-16,0.0,0.0,4.30158390762932e-16,0.0,0.0,-4.3015839836911623e-16,3.803092113183256e-24,0.0,0.0,0.0,-2.1653143652258e-13,3.619304721272515e-13,6.430062450820127e-14,7.723283025693071e-14,-6.701042766374423e-12,0.0,0.0,2.8901674054387714e-36,-6.473475629708054e-12,-7.67341071462003e-19,4.214179239291174e-17,4.561846564483031e-16,-6.535387147862581e-15,6.463949271945764e-12,-4.472816207185535e-18,-5.495279200199973e-17,4.3389945703353224e-20,1.568681350494353e-14,8.135319012108556e-17,-2.5851400081639703e-26,-1.2781036841614138e-16,-8.41584794725825e-18,3.803092113183256e-24,-4.3015839836911623e-16,2.1653143652258e-13,6.6130456531538675e-12,1.2924697071141057e-26,1.2924697071141057e-26,1.316497457249406e-13,1.0661723120356726e-13,-7.675799459022973e-22,8.799711322055608e-14,1.744378157023377e-14,-3.6193047135967155e-13,-3.55392230288068e-13,5.883386160779658e-29,2.8539112367060657e-18,2.958603654726949e-19,-2.370118486893924e-13,9.135507883614852e-25,-6.265943209840229e-24,9.135507883614852e-25,-7.998746797344204e-14,1.1752739789204982e-15,-2.35964674306005e-13,-1.3399265768333668e-25,-6.2382587889638205e-24,-3.3156575570204092e-21,-3.858473192910168e-14,2.0059393575882604e-30,-3.858473192910168e-14,-7.828489841828899e-22,-7.723283025693071e-14,-7.717787668207972e-14,1.5686764805159765e-14,7.86600810042195e-20,-1.0405577563658718e-20,3.0240708999328714e-21,-4.869978376445787e-20,-2.8901674054387714e-36
0.27899999999999997,598,101322.04630515113,2.771e-08,0.066,0.3527272727272728,0.5812727272727272,0.18711340206185567,598.0,1e-11,1e-22,IdealGasReactor,off,0.5814163730835975,4.237126770700238e-65,8.610279711407422e-92,0.3524796537554776,8.87213594277737e-05,5.748187955852489e-05,1.281205906356166e-10,0.06595776979381825,1.861783536747532e-81,2.8458820498863316e-21,1.642362998444028e-27,2.5154136602929172e-06,3.995966723204013e-17,0.999985869803541,9.895285982080205e-12,2.359163275658026e-13,1.5601803849885307e-08,1.7168145164710748e-12,1.1599138162209052e-05,4.306304584381952e-17,1.5186174534265773e-11,2.897548119666088e-13,2.9670449125114023e-15,1.2273718211294672e-11,3.232170936196771e-12,0.0,0.0,0.0,1.3925945200796442e-15,0.0,0.0,1.3925945124605353e-15,0.0,0.0,-1.3925945200796442e-15,3.809554461718827e-24,0.0,0.0,0.0,-2.1652619435056063e-13,3.750709958353839e-13,7.006949764546939e-14,7.723141675168579e-14,-3.023933457524628e-12,0.0,0.0,2.8901661926822754e-36,-2.7774648951282178e-12,-2.291481234074767e-18,2.2929345403876154e-17,3.4549450976450135e-16,-1.9542899977328364e-14,2.7867769052876925e-12,-2.057083956919625e-18,-7.168954863227323e-17,2.5107502402907127e-20,9.917524535235493e-15,4.161620963782015e-17,-2.5851399728311815e-26,-1.2970453108132289e-17,-3.8582151045767645e-18,3.809554461718827e-24,-1.3925945200796442e-15,2.1652619435056063e-13,2.9359384743237803e-12,1.2924697071141057e-26,1.2924697071141057e-26,1.3170734707703042e-13,1.0662414749805297e-13,-7.678028427802039e-22,8.799498320084784e-14,1.7451366485683024e-14,-3.750709950675811e-13,-3.5552523960606306e-13,5.885052900562619e-29,2.8554716816269007e-18,2.95987880347351e-19,-2.371146433500086e-13,9.137569826328377e-25,-6.2693453034077676e-24,9.137569826328377e-25,-7.998703385863171e-14,1.1752111102105805e-15,-2.359526920487912e-13,-1.3403511042895767e-25,-6.2386231413980044e-24,-3.3150322045053246e-21,-3.85779356146656e-14,2.005586029700342e-30,-3.85779356146656e-14,-7.826722374811886e-22,-7.723141675168579e-14,-7.715972642038128e-14,9.917486521029913e-15,4.9692132405142864e-20,-1.0405521089601568e-20,3.0240544876212923e-21,-3.80142055794586e-20,-2.8901661926822754e-36
0.288,598,101323.1700061057,2.771e-08,0.066,0.3527272727272728,0.5812727272727272,0.18711340206185567,598.0,1e-11,1e-22,IdealGasReactor,off,0.5814163730827664,4.2371267706942745e-65,8.610279711395372e-92,0.35247965375461654,8.872136002353608e-05,5.748187969216595e-05,1.2824997799789337e-10,0.0659577697946515,1.8617835367448833e-81,2.848756783680147e-21,1.645700127892232e-27,2.5154191010318673e-06,3.995618046592163e-17,0.9999858698035411,9.894244087532752e-12,2.3591677520837684e-13,1.559636393278332e-08,1.71681822952127e-12,1.1599138161640503e-05,4.3066430982164557e-17,1.518733804013643e-11,2.8963529350802445e-13,2.9670449125114023e-15,1.2273233061794152e-11,3.2321779267183826e-12,0.0,0.0,0.0,6.695531111623757e-16,0.0,0.0,6.695531035044927e-16,0.0,0.0,-6.695531111623757e-16,3.828941507325538e-24,0.0,0.0,0.0,-2.1652953297812726e-13,3.669489519518239e-13,7.32068708941332e-14,7.7230489214361e-14,-5.92438973875002e-12,0.0,0.0,2.8901653958225527e-36,-5.682918640343598e-12,-1.2910525248423545e-18,6.854503022132124e-17,4.4270722555617865e-16,-1.1548857935296992e-14,5.687283801026474e-12,-3.9702838097564934e-18,-7.530384834466962e-17,1.7389617402558288e-20,6.780504989684547e-15,8.880718796590158e-17,2.5847388768085313e-26,-1.0140541137871473e-16,-7.465682117899236e-18,3.828941507325538e-24,-6.695531111623757e-16,2.1652953297812726e-13,5.8363933989855356e-12,-1.2924697071141057e-26,-1.2924697071141057e-26,1.3166142437112724e-13,1.0661841252546178e-13,-7.675929239078196e-22,8.799633976448476e-14,1.7445319410736802e-14,-3.66948951184231e-13,-3.5539723906092597e-13,5.883469588069025e-29,2.854175504178038e-18,2.958664308100087e-19,-2.3701683797966007e-13,9.135359535791023e-25,-6.266099475654236e-24,9.135359535791023e-25,-7.998737984380148e-14,1.175167198877541e-15,-2.3594336542675996e-13,-1.3395652796024097e-25,-6.2377196929654144e-24,-3.3149497507317654e-21,-3.857386096267283e-14,2.0053741968021163e-30,-3.857386096267283e-14,-7.826203393083102e-22,-7.7230489214361e-14,-7.715518458339599e-14,6.780474996806357e-15,3.395286192529192e-20,-1.0405566098836042e-20,3.024067568331187e-21,-2.9992878189900863e-20,-2.8901653958225527e-36
0.297,598,101323.67739228887,2.771e-08,0.066,0.3527272727272728,0.5812727272727272,0.18711340206185567,598.0,1e-11,1e-22,IdealGasReactor,off,0.5814163730833015,4.2371267706981625e-65,8.610279711403337e-92,0.35247965375473256,8.87213603682557e-05,5.7481879770209856e-05,1.2832483728262143e-10,0.0659577697935026,1.8617835367465888e-81,2.8504290220156686e-21,1.6476301237165846e-27,2.515415047536549e-06,3.995847595328453e-17,0.9999858698035412,9.894907425569633e-12,2.359165541152077e-13,1.560041908337179e-08,1.7168154625426836e-12,1.1599138161293479e-05,4.3060987804618594e-17,1.5185438667523388e-11,2.897318923576831e-13,2.967044912511403e-15,1.2273036181814037e-11,3.2321727175192684e-12,0.0,0.0,0.0,5.561713452401548e-16,0.0,0.0,5.561713375887341e-16,0.0,0.0,-5.561713452401548e-16,3.825710333057753e-24,0.0,0.0,0.0,-2.1652991947948459e-13,3.638480591023477e-13,6.684565549384536e-14,7.7229956439212e-14,-3.868694027621171e-12,0.0,0.0,2.8901649377298865e-36,-3.6366943107004766e-12,-9.778068313361982e-19,4.16227702778072e-17,3.936863289642029e-16,-8.366539952615489e-15,3.6315491913700523e-12,-2.551260797102254e-18,-8.214889567290167e-17,3.59500021854591e-20,1.3141444000042731e-14,4.8656017670375874e-17,-2.585139939407469e-26,-1.8550103581319704e-17,-4.796833492586006e-18,3.825710333057753e-24,-5.561713452401548e-16,2.1652991947948459e-13,3.7806975308137356e-12,1.2924697071141057e-26,1.2924697071141057e-26,1.316956571515859e-13,1.0662274344640121e-13,-7.677251211547588e-22,8.799649680743531e-14,1.744982718139539e-14,-3.6384805833462257e-13,-3.554786632604913e-13,5.884492989738172e-29,2.8551090091017236e-18,2.9596463092622765e-19,-2.370958875790224e-13,9.136293568327721e-25,-6.268609575468042e-24,9.136293568327721e-25,-7.99871220142999e-14,1.1751464538334412e-15,-2.3593958056217833e-13,-1.3400913308266453e-25,-6.238037818755359e-24,-3.3146461262620166e-21,-3.857150647577726e-14,2.0052517925753652e-30,-3.857150647577726e-14,-7.825498127768007e-22,-7.7229956439212e-14,-7.714780676098928e-14,1.3141400637613357e-14,6.588284118152399e-20,-1.0405532557791632e-20,3.024057820691491e-21,-4.336242937454802e-20,-2.8901649377298865e-36
0.30599999999999994,598,101322.41026505153,2.771e-08,0.066,0.3527272727272728,0.5812727272727272,0.18711340206185567,598.0,1e-11,1e-22,IdealGasReactor,off,0.5814163730834387,4.237126770699175e-65,8.610279711405385e-92,0.35247965375476187,8.87213604569874e-05,5.74818797902772e-05,1.2834410526380395e-10,0.06595776979320783,1.861783536747026e-81,2.8508465472745605e-21,1.648104333348186e-27,2.5154140135409042e-06,3.9959160935921536e-17,0.999985869803541,9.895119236293604e-12,2.359163479429514e-13,1.5601453328820858e-08,1.7168147567601135e-12,1.1599138161203619e-05,4.3059842525215804e-17,1.5185040116547316e-11,2.897523463913806e-13,2.967044912511402e-15,1.227302729437827e-11,3.2321713887792897e-12,0.0,0.0,0.0,1.1471052357751867e-15,0.0,0.0,1.1471052281173037e-15,0.0,0.0,-1.1471052357751867e-15,3.828941507325538e-24,0.0,0.0,0.0,-2.1652703309736685e-13,3.724562127291739e-13,6.618582626789752e-14,7.722983183207379e-14,-3.2339013341599135e-12,0.0,0.0,2.8901648305466597e-36,-2.9939478366930746e-12,-1.9638114466008213e-18,3.6144726097925336e-17,3.676568900855629e-16,-1.6948548870298105e-14,2.9967477898870224e-12,-2.1819277578629863e-18,-8.313605899277443e-17,3.643062202789125e-20,1.3801206980001927e-14,4.0625898300352876e-17,2.5847388901146865e-26,-1.6397743164114033e-18,-4.095053458409645e-18,3.828941507325538e-24,-1.1471052357751867e-15,2.1652703309736685e-13,3.1459060101572985e-12,-1.2924697071141057e-26,-1.2924697071141057e-26,1.3170438804742483e-13,1.0662370501324063e-13,-7.677702034355233e-22,8.799532400261497e-14,1.7450976861746514e-14,-3.724562119614037e-13,-3.5550480771918616e-13,5.884811047003039e-29,2.855359412032659e-18,2.9598540330007333e-19,-2.3711262569934863e-13,9.136661139241974e-25,-6.269186312390539e-24,9.136661139241974e-25,-7.998705624894213e-14,1.1751451197994982e-15,-2.3593940970813353e-13,-1.3401917694346868e-25,-6.2381668330751e-24,-3.3146024893519858e-21,-3.8571301480569134e-14,2.005241135249707e-30,-3.8571301480569134e-14,-7.825396691102433e-22,-7.722983183207379e-14,-7.714669499054134e-14,1.3801160794022449e-14,6.918702216966133e-20,-1.0405524002371931e-20,3.02405533431917e-21,-4.618597947846118e-20,-2.8901648305466597e-36
0.31499999999999995,598,101324.38381720248,2.771e-08,0.066,0.3527272727272728,0.5812727272727272,0.18711340206185567,598.0,1e-11,1e-22,IdealGasReactor,off,0.5814163730836026,4.237126770700388e-65,8.610279711407936e-92,0.35247965375430845,8.872136137059334e-05,5.748187999544491e-05,1.2854249034516087e-10,0.06595776979218033,1.861783536747563e-81,2.855272565146112e-21,1.6532355142613624e-27,2.515412187415453e-06,3.9961444232384985e-17,0.9999858698035413,9.89586641972716e-12,2.359164278632288e-13,1.5603277667775073e-08,1.7168135102681656e-12,1.1599138160264049e-05,4.3063584722459424e-17,1.5186373934741206e-11,2.897903456771601e-13,2.9670449125114023e-15,1.2273107414180048e-11,3.232169042045746e-12,0.0,0.0,0.0,2.9892435766567276e-16,0.0,0.0,2.9892434999486505e-16,0.0,0.0,-2.9892435766567276e-16,3.835403855861109e-24,0.0,0.0,0.0,-2.165309368866972e-13,3.592859630203986e-13,6.960565218579235e-14,7.72284110510005e-14,-2.447164615846035e-12,0.0,0.0,2.8901636074368766e-36,-2.216972417761164e-12,-4.684114236775554e-19,8.402208403297856e-17,2.350669740371541e-16,-3.686922704470228e-15,2.209992056174454e-12,-1.5462501332509985e-18,-8.175847659832789e-17,2.8914199083803734e-20,1.0381272429455019e-14,2.8545356847319827e-17,-2.0052708635018393e-30,2.7909106578542677e-17,-2.908175006457913e-18,3.835403855861109e-24,-2.9892435766567276e-16,2.165309368866972e-13,2.3591677056439695e-12,0.0,0.0,1.3171978875660602e-13,1.0662583061002755e-13,-7.679062712674307e-22,8.799691020206546e-14,1.7453004802281634e-14,-3.592859622524923e-13,-3.5559618362657824e-13,5.885896359417015e-29,2.8559089346370174e-18,2.9602400510805707e-19,-2.371437216008679e-13,9.13736408131719e-25,-6.270481928877114e-24,9.13736408131719e-25,-7.998694009988662e-14,1.1751519381580001e-15,-2.3594094994904246e-13,-1.3404129052803923e-25,-6.238678605511561e-24,-3.314582133345201e-21,-3.857187332045276e-14,2.0052708635018393e-30,-3.857187332045276e-14,-7.825411481751368e-22,-7.72284110510005e-14,-7.714665179186103e-14,1.038123588119715e-14,5.2032897116474416e-20,-1.0405508892518737e-20,3.0240509430738193e-21,-3.6548257868263237e-20,-2.8901636074368766e-36
0.32399999999999995,598,101323.08489885721,2.771e-08,0.066,0.3527272727272728,0.5812727272727272,0.18711340206185567,598.0,1e-11,1e-22,IdealGasReactor,off,0.5814163730835598,4.23712677070008e-65,8.610279711407288e-92,0.3524796537539611,8.87213619120439e-05,5.748188011732107e-05,1.286600528762245e-10,0.06595776979178956,1.8617835367474322e-81,2.8578714307640476e-21,1.6562397007248845e-27,2.5154120678469863e-06,3.996241507372673e-17,0.999985869803542,9.896220912170616e-12,2.3591629270525907e-13,1.5603397170846272e-08,1.7168134288170035e-12,1.1599138159737906e-05,4.306223763949173e-17,1.5185898521577774e-11,2.8980062030218285e-13,2.9670449125114054e-15,1.2273353449603072e-11,3.2321688886297483e-12,0.0,0.0,0.0,8.651531677303656e-16,0.0,0.0,8.651531600530956e-16,0.0,0.0,-8.651531677303656e-16,3.838635030128894e-24,0.0,0.0,0.0,-2.165281400161205e-13,3.6807017965338634e-13,6.869272711549713e-14,7.722759090496204e-14,-2.2826271202451173e-12,0.0,0.0,2.890162900534496e-36,-2.0445532533206213e-12,-1.4574929407819285e-18,1.0309032004423282e-16,1.6214629185826556e-16,-1.2427601094062982e-14,2.0454545552220378e-12,-1.498190569163655e-18,-7.631493351911851e-17,3.012127765053554e-20,1.1294188703010352e-14,2.014267871520738e-17,-5.170079367813318e-26,3.15637942450167e-17,-2.8111103243714835e-18,3.838635030128894e-24,-8.651531677303656e-16,2.165281400161205e-13,2.1946313464772776e-12,2.5849394142282115e-26,2.5849394142282115e-26,1.3172079757793214e-13,1.0662583961002065e-13,-7.679742378980077e-22,8.799577376783995e-14,1.745313764250084e-14,-3.680701788854121e-13,-3.556397217457256e-13,5.886389292274393e-29,2.856033113535713e-18,2.96034486677996e-19,-2.3715212962015215e-13,9.137484918483219e-25,-6.27092888204684e-24,9.137484918483219e-25,-7.998693251022657e-14,1.1751754402267107e-15,-2.3594567978880226e-13,-1.3405690319651963e-25,-6.239027158629017e-24,-3.3147175685899277e-21,-3.8574233551290504e-14,2.005393568949018e-30,-3.8574233551290504e-14,-7.825882029885762e-22,-7.722759090496204e-14,-7.715127518885472e-14,1.1294148786940458e-14,5.660778898338031e-20,-1.040550790518209e-20,3.0240506560669734e-21,-3.991606989409383e-20,-2.890162900534496e-36
0.33299999999999996,598,101322.43201299703,2.771e-08,0.066,0.3527272727272728,0.5812727272727272,0.18711340206185567,598.0,1e-11,1e-22,IdealGasReactor,off,0.5814163730829978,4.2371267706960355e-65,8.61027971139905e-92,0.35247965375344564,8.872136220546987e-05,5.748188018304158e-05,1.2872376890138786e-10,0.06595776979244435,1.861783536745631e-81,2.859282924473319e-21,1.657869855827398e-27,2.515415822354186e-06,3.9960202518996936e-17,0.9999858698035426,9.89557231964475e-12,2.35916579435569e-13,1.5599642522036132e-08,1.716815991396496e-12,1.1599138159454724e-05,4.3064831691101685e-17,1.518679264464715e-11,2.8972332753252785e-13,2.967044912511408e-15,1.2273313715453529e-11,3.2321737130856504e-12,0.0,0.0,0.0,1.2085818075386562e-15,0.0,0.0,1.2085817998419991e-15,0.0,0.0,-1.2085818075386562e-15,3.84832855293225e-24,0.0,0.0,0.0,-2.1652739104028205e-13,3.72476457481846e-13,7.185329268699518e-14,7.722714457250129e-14,-4.171505197296315e-12,0.0,0.0,2.8901625155644128e-36,-3.925860095983986e-12,-1.986273076512787e-18,1.214770591426907e-16,2.218842158668891e-16,-1.6913579384941374e-14,3.9343688071847135e-12,-2.819513029689955e-18,-7.330646533728877e-17,2.04516348878266e-20,8.133871584314248e-15,4.7218728215269243e-17,-5.170079368015576e-26,-3.0921258226231944e-17,-5.295398410691868e-18,3.84832855293225e-24,-1.2085818075386562e-15,2.1652739104028205e-13,4.083509727853828e-12,2.5849394142282115e-26,2.5849394142282115e-26,1.3168910157414223e-13,1.0662188822797963e-13,-7.678463252247388e-22,8.799546944248699e-14,1.744896393455091e-14,-3.7247645671399967e-13,-3.5556002215782283e-13,5.885394558442595e-29,2.8551587279779384e-18,2.959559730163748e-19,-2.370888787378078e-13,9.136143195709117e-25,-6.268845478211798e-24,9.136143195709117e-25,-7.998717129334566e-14,1.1751733897385732e-15,-2.3594491593066466e-13,-1.3401545719770322e-25,-6.23859805933744e-24,-3.3148364177077622e-21,-3.857427247510141e-14,2.0053955915339852e-30,-3.857427247510141e-14,-7.826101790756738e-22,-7.722714457250129e-14,-7.715383732455382e-14,8.133837864700298e-15,4.074165018628876e-20,-1.0405538968491178e-20,3.0240596836922063e-21,-3.371961395064554e-20,-2.8901625155644128e-36
0.34199999999999997,598,101322.23294556752,2.771e-08,0.066,0.3527272727272728,0.5812727272727272,0.18711340206185567,598.0,1e-11,1e-22,IdealGasReactor,off,0.5814163730833145,4.2371267706983615e-65,8.610279711403744e-92,0.3524796537534972,8.872136243901872e-05,5.748188023582612e-05,1.2877447215988487e-10,0.06595776979173905,1.8617835367466352e-81,2.860405402775191e-21,1.6591728965124655e-27,2.5154134071225412e-06,3.996086664228081e-17,0.9999858698035423,9.895715716553585e-12,2.3591631377377263e-13,1.5602058585753437e-08,1.7168143428030025e-12,1.1599138159238323e-05,4.306202438283184e-17,1.51858150051599e-11,2.897658173252141e-13,2.9670449125114066e-15,1.2273282010956109e-11,3.2321706093678458e-12,0.0,0.0,0.0,1.2524448466300692e-15,0.0,0.0,1.2524448389204874e-15,0.0,0.0,-1.2524448466300692e-15,3.8547909014678204e-24,0.0,0.0,0.0,-2.1652654967788637e-13,3.7376004840063053e-13,6.881045240595817e-14,7.72267884732083e-14,-2.90704909258835e-12,0.0,0.0,2.890162208291539e-36,-2.6631647152486937e-12,-2.113059919577482e-18,8.176470287415388e-17,2.432379043288095e-16,-1.8179335116745136e-14,2.6698899621975573e-12,-1.9666929845136255e-18,-7.571639848113296e-17,2.8824695665326524e-20,1.1176549875027474e-14,3.518835252008592e-17,-2.5851399507740586e-26,4.463055158943955e-18,-3.688609991167203e-18,3.8547909014678204e-24,-1.2524448466300692e-15,2.1652654967788637e-13,2.819053965011998e-12,1.2924697071141057e-26,1.2924697071141057e-26,1.3170949750692246e-13,1.066243547566529e-13,-7.678806606914264e-22,8.799512757635192e-14,1.745164966351141e-14,-3.737600476327499e-13,-3.555778568611823e-13,5.885653678067861e-29,2.8556423138920532e-18,2.9599909265643065e-19,-2.371236493494754e-13,9.137102859045407e-25,-6.2698557000623174e-24,9.137102859045407e-25,-7.998701767610844e-14,1.1751692256580607e-15,-2.3594430643634577e-13,-1.3403308526056454e-25,-6.238672347151956e-24,-3.3147375037901725e-21,-3.857369285310258e-14,2.005365458470986e-30,-3.857369285310258e-14,-7.825847172094512e-22,-7.72267884732083e-14,-7.715107129214245e-14,1.1176509257862727e-14,5.60122875526812e-20,-1.0405518984419637e-20,3.0240538759329566e-21,-4.061716474770727e-20,-2.890162208291539e-36
0.351,598,101324.02527841747,2.771e-08,0.066,0.3527272727272728,0.5812727272727272,0.18711340206185567,598.0,1e-11,1e-22,IdealGasReactor,off,0.5814163730834145,4.237126770699097e-65,8.610279711405241e-92,0.35247965375353113,8.872136248315452e-05,5.748188024549054e-05,1.2878405327841708e-10,0.06595776979154173,1.8617835367469507e-81,2.8606332999073677e-21,1.6594491524934822e-27,2.5154126698629184e-06,3.996118494031878e-17,0.9999858698035423,9.895793796153553e-12,2.3591641967476614e-13,1.5602794648566144e-08,1.7168138395821334e-12,1.1599138159198305e-05,4.306514152590893e-17,1.5186921282606884e-11,2.897774783977229e-13,2.967044912511405e-15,1.2273286895744725e-11,3.2321696619767866e-12,0.0,0.0,0.0,4.1909500875300355e-16,0.0,0.0,4.190950010369594e-16,0.0,0.0,-4.1909500875300355e-16,3.858022075735606e-24,0.0,0.0,0.0,-2.1653025362667303e-13,3.6164468949752626e-13,7.155577995618101e-14,7.722670482744587e-14,-2.668435783081969e-12,0.0,0.0,2.890162136102746e-36,-2.433930897358104e-12,-7.217753773901743e-19,8.190257602659552e-17,2.41129006911153e-16,-6.05453056158838e-15,2.431268115630211e-12,-1.7121521061699234e-18,-7.61691098674603e-17,2.3012063250696048e-20,8.431181246919708e-15,3.418281274745893e-17,2.5847388778560437e-26,1.3911626370368308e-17,-3.2189831597011145e-18,3.858022075735606e-24,-4.1909500875300355e-16,2.1653025362667303e-13,2.580439150505054e-12,-1.2924697071141057e-26,-1.2924697071141057e-26,1.3171571120383062e-13,1.0662528681400785e-13,-7.678924632244585e-22,8.799663257691485e-14,1.745246786975124e-14,-3.616446887296338e-13,-3.5558730235596837e-13,5.885782949954037e-29,2.8557995681264566e-18,2.960109178153452e-19,-2.3713319193836924e-13,9.137436781558027e-25,-6.270157491118379e-24,9.137436781558027e-25,-7.998697078559898e-14,1.175169348939076e-15,-2.359444003426097e-13,-1.340374671762055e-25,-6.238724054814266e-24,-3.3147189124248203e-21,-3.857365948794539e-14,2.0053637216780825e-30,-3.857365948794539e-14,-7.825800352213711e-22,-7.722670482744587e-14,-7.715053493499838e-14,8.431148586499444e-15,4.2242918527626164e-20,-1.0405512884419702e-20,3.024052103150456e-21,-3.2660420264500275e-20,-2.890162136102746e-36
0.36,598,101323.67266886143,2.771e-08,0.066,0.3527272727272728,0.5812727272727272,0.18711340206185567,598.0,1e-11,1e-22,IdealGasReactor,off,0.5814163730834606,4.2371267706994495e-65,8.610279711405988e-92,0.3524796537534753,8.872136262594412e-05,5.7481880277836986e-05,1.2881505610191345e-10,0.06595776979134513,1.861783536747095e-81,2.861317171116755e-21,1.66024244580825e-27,2.515412226530862e-06,3.996156885094283e-17,0.9999858698035424,9.895917779003222e-12,2.359163246947752e-13,1.560323879379462e-08,1.71681353699279e-12,1.1599138159065677e-05,4.3062453564965975e-17,1.5185973877908937e-11,2.8979017476592906e-13,2.967044912511406e-15,1.2273317069127796e-11,3.2321690922976898e-12,0.0,0.0,0.0,5.405857027730626e-16,0.0,0.0,5.405856950376314e-16,0.0,0.0,-5.405857027730626e-16,3.8677155985389614e-24,0.0,0.0,0.0,-2.1652942362751168e-13,3.6396937255183953e-13,6.864788390491591e-14,7.722648878816183e-14,-2.410988845380394e-12,0.0,0.0,2.8901619496093166e-36,-2.1770653345751805e-12,-9.69625446530232e-19,7.991251572444459e-17,2.2569988386143047e-16,-8.36393586317556e-15,2.173817271951992e-12,-1.5544516648634192e-18,-7.577074673918104e-17,3.087122420279542e-20,1.1339041243534477e-14,2.7698975519508847e-17,-2.005376238488867e-30,2.371869842492734e-17,-2.919874649135954e-18,3.8677155985389614e-24,-5.405857027730626e-16,2.1652942362751168e-13,2.322992550051759e-12,0.0,0.0,1.3171946059013949e-13,1.0662569383221827e-13,-7.679172137588656e-22,8.799629532863516e-14,1.7452961591292706e-14,-3.6396937178392234e-13,-3.556025799915959e-13,5.885965253884628e-29,2.855916641482497e-18,2.9602383512361805e-19,-2.3714358173931887e-13,9.137545702471141e-25,-6.270510774311302e-24,9.137545702471141e-25,-7.998694259011433e-14,1.175172030926034e-15,-2.359449804024447e-13,-1.3404673833811176e-25,-6.238817556655032e-24,-3.314714214655236e-21,-3.857390020412109e-14,2.005376238488867e-30,-3.857390020412109e-14,-7.825823678830679e-22,-7.722648878816183e-14,-7.715071725884028e-14,1.1339001848999952e-14,5.683619847389597e-20,-1.0405509216475826e-20,3.024051037164911e-21,-3.939453452474129e-20,-2.8901619496093166e-36
0.369,598,101323.30288919211,2.771e-08,0.066,0.3527272727272728,0.5812727272727272,0.18711340206185567,598.0,1e-11,1e-22,IdealGasReactor,off,0.5814163730829509,4.237126770695748e-65,8.610279711398585e-92,0.3524796537528473,8.872136315693179e-05,5.748188039805576e-05,1.289303559903158e-10,0.06595776979171644,1.8617835367454706e-81,2.863878953322768e-21,1.663209808455861e-27,2.5154154595574666e-06,3.9960199716517633e-17,0.9999858698035432,9.895552566770858e-12,2.3591662684588084e-13,1.5600009805313422e-08,1.7168157436081617e-12,1.1599138158560815e-05,4.305266000633865e-17,1.5182492594847864e-11,2.897405244626676e-13,2.967044912511409e-15,1.2273284265116473e-11,3.232173246594994e-12,0.0,0.0,0.0,8.020387161087e-16,0.0,0.0,8.020387083926558e-16,0.0,0.0,-8.020387161087e-16,3.858022075735606e-24,0.0,0.0,0.0,-2.1652918996779203e-13,3.6657126083615244e-13,5.741471771785667e-14,7.722567510114924e-14,-4.0506003775483035e-12,0.0,0.0,2.8901612468040517e-36,-3.825305712311305e-12,-1.3080055498952792e-18,1.0618099613699104e-16,2.438856193500781e-16,-1.1010850847171741e-14,3.813459747589259e-12,-2.70310648341205e-18,-7.269099511028179e-17,6.222797212357574e-20,2.2572381687978772e-14,3.7385818678792586e-17,-5.170079366353501e-26,-1.6279351985615416e-17,-5.080774819363505e-18,3.858022075735606e-24,-8.020387161087e-16,2.1652918996779203e-13,3.9626041771604084e-12,2.5849394142282115e-26,2.5849394142282115e-26,1.3169220210703753e-13,1.0662234624163395e-13,-7.678416386638153e-22,8.799620038789502e-14,1.7449372242167408e-14,-3.665712600683108e-13,-3.555575539883798e-13,5.885377536100728e-29,2.8552202513944932e-18,2.959734972057925e-19,-2.3710295147721235e-13,9.136037700835828e-25,-6.269205060045028e-24,9.136037700835828e-25,-7.998714820421278e-14,1.1751704003661013e-15,-2.3594434977082683e-13,-1.3402881563610482e-25,-6.238570636517966e-24,-3.3147858067380006e-21,-3.857395278633827e-14,2.0053789707785486e-30,-3.857395278633827e-14,-7.8260186315053e-22,-7.722567510114924e-14,-7.715298332343709e-14,2.2572317269507353e-14,1.132168487668531e-19,-1.0405535964870831e-20,3.024058810788393e-21,-6.441847141893658e-20,-2.8901612468040517e-36
0.37799999999999995,598,101322.50582881781,2.771e-08,0.066,0.3527272727272728,0.5812727272727272,0.18711340206185567,598.0,1e-11,1e-22,IdealGasReactor,off,0.5814163730830065,4.2371267706961595e-65,8.61027971139942e-92,0.3524796537528393,8.87213632259725e-05,5.748188041291902e-05,1.2894534491972003e-10,0.06595776979156998,1.8617835367456494e-81,2.864203255590567e-21,1.6635834605316095e-27,2.5154150187057446e-06,3.9960214529907345e-17,0.9999858698035433,9.895544033464134e-12,2.3591648486869446e-13,1.560044794611084e-08,1.716815442675588e-12,1.1599138158497189e-05,4.3060402844068166e-17,1.518523208589847e-11,2.8974194455887247e-13,2.9670449125114094e-15,1.2273268115768078e-11,3.2321726800486935e-12,0.0,0.0,0.0,1.1279997150153499e-15,0.0,0.0,1.1279997072993057e-15,0.0,0.0,-1.1279997150153499e-15,3.858022075735606e-24,0.0,0.0,0.0,-2.1652741043223634e-13,3.7188912471875747e-13,6.674475145974786e-14,7.722557637934373e-14,-3.761079357183328e-12,0.0,0.0,2.890161161491329e-36,-3.5211334787883583e-12,-1.9019809728962523e-18,9.724310470076712e-17,2.505801423108057e-16,-1.6329608689459988e-14,3.5239352644918866e-12,-2.5374921553366183e-18,-7.33302573844874e-17,3.499401018844132e-20,1.3242347138914047e-14,3.9686444354990306e-17,-2.585139951028994e-26,-1.4805034317141337e-17,-4.764533743956984e-18,3.858022075735606e-24,-1.1279997150153499e-15,2.1652741043223634e-13,3.6730838798624546e-12,1.2924697071141057e-26,1.2924697071141057e-26,1.3169590080512648e-13,1.0662270242276814e-13,-7.678435673358053e-22,8.79954773208739e-14,1.744985926576761e-14,-3.718891239509139e-13,-3.555566599509654e-13,5.885375296283251e-29,2.855297980680343e-18,2.959748959789039e-19,-2.3710411358252206e-13,9.13633421873422e-25,-6.269230380906928e-24,9.13633421873422e-25,-7.998712016308202e-14,1.1751686481013786e-15,-2.3594403931215704e-13,-1.3402514578910273e-25,-6.23855704797816e-24,-3.3147730943984354e-21,-3.857374191483907e-14,2.0053680078243592e-30,-3.857374191483907e-14,-7.825948881903175e-22,-7.722557637934373e-14,-7.715224533936435e-14,1.324230232057379e-14,6.63827603778198e-20,-1.0405532316966841e-20,3.0240577506396317e-21,-4.481834025698496e-20,-2.890161161491329e-36
0.3869999999999999,598,101317.25822068809,2.771e-08,0.066,0.3527272727272728,0.5812727272727272,0.18711340206185567,598.0,1e-11,1e-22,IdealGasReactor,off,0.5814163730827282,4.237126770694174e-65,8.610279711395525e-92,0.3524796537520679,8.872136422126779e-05,5.748188063698489e-05,1.2916146913444705e-10,0.06595776979118409,1.8617835367447475e-81,2.868655718796367e-21,1.6690783227251936e-27,2.515416301199102e-06,3.9956523402729116e-17,0.9999858698035438,9.894778324906457e-12,2.3589495476367317e-13,1.559916822000497e-08,1.7168163172091552e-12,1.1599138157491681e-05,4.3057732636893534e-17,1.5184282004092553e-11,2.8970722421500075e-13,2.9670449125114106e-15,1.227266330579354e-11,3.2321743266794836e-12,0.0,0.0,0.0,-3.5530991563655335e-15,0.0,0.0,-3.553099164113889e-15,0.0,0.0,3.5530991563655335e-15,3.874177947074532e-24,0.0,0.0,0.0,-2.1651641509698684e-13,3.432665011982293e-13,6.618660768836596e-14,7.722409400061243e-14,-4.007291208034005e-12,0.0,0.0,2.890159879325299e-36,-3.796525670761877e-12,5.48454681121886e-18,8.071578873354084e-17,3.282067781159805e-16,1.222211282441079e-14,3.77016380919412e-12,-2.1968016793871056e-18,-8.462431199998978e-17,3.564541763023103e-20,1.3800571748726774e-14,5.1405277440008934e-17,-2.585139919347658e-26,-3.153340543192316e-17,-4.176084076712704e-18,3.874177947074532e-24,3.5530991563655335e-15,2.1651641509698684e-13,3.919300198374772e-12,1.2924697071141057e-26,1.2924697071141057e-26,1.3168509761006215e-13,1.0660936834690798e-13,-7.676777104977072e-22,8.799100965923266e-14,1.7448436726062934e-14,-3.4326650043055156e-13,-3.554857583996222e-13,5.884195416847719e-29,2.8548428343366078e-18,2.9593957961405827e-19,-2.3707570093288235e-13,9.135466256642337e-25,-6.267994077327458e-24,9.135466256642337e-25,-7.998720165290662e-14,1.175111336521768e-15,-2.3593241231052587e-13,-1.339875376043718e-25,-6.237766910055312e-24,-3.3144576671193173e-21,-3.856764792306516e-14,2.0050511944643974e-30,-3.856764792306516e-14,-7.824662395706027e-22,-7.722409400061243e-14,-7.71394689061462e-14,1.3800524784769162e-14,6.917977149260304e-20,-1.0405542917987944e-20,3.024060831683489e-21,-4.696395761204345e-20,-2.890159879325299e-36
0.3959999999999999,598,101322.08645545732,2.771e-08,0.066,0.3527272727272728,0.5812727272727272,0.18711340206185567,598.0,1e-11,1e-22,IdealGasReactor,off,0.5814163730832386,4.2371267706979255e-65,8.610279711403212e-92,0.35247965375220836,8.872136450651181e-05,5.748188070106804e-05,1.2922340284054853e-10,0.06595776979012218,1.8617835367463898e-81,2.8703726447558355e-21,1.670758988382531e-27,2.515412451307483e-06,3.996040414132665e-17,0.9999858698035436,9.895511864306758e-12,2.3591615653742564e-13,1.560301690704652e-08,1.7168136895314794e-12,1.1599138157199955e-05,4.3059115129843993e-17,1.5184792507410682e-11,2.897853182227012e-13,2.9670449125114098e-15,1.2272695038203377e-11,3.232169379656842e-12,0.0,0.0,0.0,1.2453278760818948e-15,0.0,0.0,1.2453278683206142e-15,0.0,0.0,-1.2453278760818948e-15,3.8806402956101025e-24,0.0,0.0,0.0,-2.165260719904426e-13,3.745718685981859e-13,6.55666631177286e-14,7.722361362297054e-14,-2.4001715749630862e-12,0.0,0.0,2.8901594633987412e-36,-2.1587335882560884e-12,-2.1794446016411723e-18,5.3936295401456956e-17,3.0645595707022246e-16,-1.90159418022509e-14,2.1630034832974923e-12,-1.6271606266799138e-18,-8.474004041638905e-17,3.791151569161388e-20,1.442026920411428e-14,2.819146536676104e-17,2.5847389077277796e-26,3.176196171025398e-17,-3.048650127435756e-18,3.8806402956101025e-24,-1.2453278760818948e-15,2.165260719904426e-13,2.312176641484128e-12,-1.2924697071141057e-26,-1.2924697071141057e-26,1.3171758746603088e-13,1.066252357110152e-13,-7.678470014448732e-22,8.79949334789584e-14,1.745271496002627e-14,-3.745718678303389e-13,-3.555530702566943e-13,5.885393035430181e-29,2.8557588852965416e-18,2.9601890056375243e-19,-2.371396074912164e-13,9.136856548967837e-25,-6.270148485912175e-24,9.136856548967837e-25,-7.998695680379594e-14,1.1751125763753894e-15,-2.3593302234143713e-13,-1.3402860095407682e-25,-6.2382454702802144e-24,-3.3143323089212787e-21,-3.856791358700813e-14,2.0050650043189676e-30,-3.856791358700813e-14,-7.824620142343791e-22,-7.722361362297054e-14,-7.713887280009213e-14,1.442022139329541e-14,7.22927719229677e-20,-1.0405511065545117e-20,3.0240515747113932e-21,-4.7810818871610336e-20,-2.8901594633987412e-36
