Time (s),Volume (m^3),He,Ar,Ne,X(1),O2(2),H2O(3),N2(4),NO(5),NH3(6),N2O(7),OX(10),H2NX(28),HX(9),H3NX(29),HNX(49),HOX(13)
0.0,0.05595639656,0.054,0.0,0.0,0.029736827291434877,0.88,0.0,0.0,0.0,0.066,0.0,0.0,0.0,0.0,0.0,0.0,0.0
1.530735613383509e-20,0.05595639656,0.054,0.0,0.0,0.029736827291432136,0.8799999999999991,-1.3497807084805435e-56,0.0,0.0,0.06599999999999953,0.0,1.9401037793785293e-15,3.168383793367602e-16,3.1683837933676025e-16,1.6501998923729104e-16,5.260484061058042e-32,1.0180605316817719e-37
4.286059717473825e-20,0.05595639656,0.054,0.0,0.0,0.02973682729142721,0.8799999999999972,1.3336697273129947e-55,0.0,0.0,0.06599999999999866,0.0,5.432290582258715e-15,8.871474621427321e-16,8.871474621427326e-16,4.620559698623528e-16,3.1774502671988715e-31,1.5384930703128616e-36
9.796707925654458e-20,0.05595639656,0.054,0.0,0.0,0.02973682729141735,0.8799999999999938,7.355786495523694e-54,0.0,0.0,0.06599999999999692,0.0,1.2416664188014431e-14,2.02776562775389e-15,2.027765627753893e-15,1.0561279311042282e-15,1.5299222380261882e-30,1.6550406265796761e-35
2.0818004342015723e-19,0.05595639656,0.054,0.0,0.0,0.02973682729139763,0.8799999999999868,2.8949831585332446e-52,0.0,0.0,0.06599999999999345,0.0,2.6385411399507228e-14,4.309001958973063e-15,4.309001958973076e-15,2.2442718535549852e-15,6.682591593362727e-30,1.5212674501205973e-34
4.2860597174738255e-19,0.05595639656,0.054,0.0,0.0,0.02973682729135819,0.8799999999999728,1.0228628106073711e-50,0.0,0.0,0.06599999999998651,0.0,5.432290582241828e-14,8.871474621398837e-15,8.871474621398895e-15,4.620559698324527e-15,2.7907010645917005e-29,1.3014762905015557e-33
8.694578284018332e-19,0.05595639656,0.054,0.0,0.0,0.029736827291279314,0.8799999999999448,3.436391182362052e-49,0.0,0.0,0.06599999999997264,0.0,1.1019789466794219e-13,1.79964199462001e-14,1.799641994620033e-14,9.373135387335715e-15,1.1407873500643338e-28,1.0760856968341233e-32
1.7511615417107344e-18,0.05595639656,0.054,0.0,0.0,0.029736827291121558,0.879999999999889,1.1264965592466373e-47,0.0,0.0,0.06599999999994488,0.0,2.219478723577972e-13,3.6246310595601455e-14,3.6246310595602377e-14,1.887828676324652e-14,4.616862478521517e-28,8.750549065071126e-32
3.514568968328537e-18,0.05595639656,0.054,0.0,0.0,0.029736827290806046,0.8799999999997772,3.6483464446544975e-46,0.0,0.0,0.06599999999988937,0.0,4.454478277327361e-13,7.27460918935995e-14,7.27460918936032e-14,3.788858950662183e-14,1.860937682866613e-27,7.057633041204986e-31
7.041383821564142e-18,0.05595639656,0.054,0.0,0.0,0.029736827290175027,0.8799999999995537,1.1744876017994948e-44,0.0,0.0,0.06599999999977835,0.0,8.924477384635296e-13,1.457456544863767e-13,1.4574565448639171e-13,7.590919495958735e-14,7.499427412779425e-27,5.669071793297035e-30
1.4095013528035352e-17,0.05595639656,0.054,0.0,0.0,0.029736827288912988,0.8799999999991067,3.7696227930252726e-43,0.0,0.0,0.0659999999995563,0.0,1.7864475598487796e-12,2.9174477965905427e-13,2.91744779659115e-13,1.51950405730378e-13,3.0327084092835616e-26,4.544458121807393e-29
2.8202272940977774e-17,0.05595639656,0.054,0.0,0.0,0.02973682728638891,0.8799999999982128,1.2080825625428097e-41,0.0,0.0,0.06599999999911223,0.0,3.574447202313929e-12,5.837430299528906e-13,5.837430299531376e-13,3.0403282673139957e-13,1.2371094457880022e-25,3.639244830339203e-28
5.641679176686261e-17,0.05595639656,0.054,0.0,0.0,0.029736827281340753,0.8799999999964248,3.868740303140446e-40,0.0,0.0,0.06599999999822406,0.0,7.1504464860228296e-12,1.167739530334394e-12,1.1677395303354183e-12,6.081976665712157e-13,5.135995600034942e-25,2.912859047243292e-27
1.128458294186323e-16,0.05595639656,0.054,0.0,0.0,0.02973682727124444,0.8799999999928487,1.2384498486297502e-38,0.0,0.0,0.06599999999644773,0.0,1.4302445048555028e-11,2.3357325302719815e-12,2.335732530276365e-12,1.216527337602038e-12,2.2035140160972834e-24,2.3308584621719522e-26
2.2570390472217166e-16,0.05595639656,0.054,0.0,0.0,0.02973682725105181,0.8799999999856968,3.963716893026714e-37,0.0,0.0,0.06599999999289509,0.0,2.8606442154076952e-11,4.6717185268395214e-12,4.671718526859346e-12,2.4331866450692254e-12,1.0005121006140165e-23,1.8648925802603664e-25
4.514200553292504e-16,0.05595639656,0.054,0.0,0.0,0.029736827210666554,0.8799999999713928,1.2684673982704163e-35,0.0,0.0,0.0659999999857898,0.0,5.721443628695041e-11,9.343690506696455e-12,9.343690506794054e-12,4.866505121632034e-12,4.9545280671084976e-23,1.4919600632889127e-24
9.028523565434078e-16,0.05595639656,0.054,0.0,0.0,0.029736827129896042,0.8799999999427848,4.05902593019848e-34,0.0,0.0,0.06599999997157922,0.0,1.1443042424001186e-10,1.868763441291677e-11,1.868763441345358e-11,9.733141521321455e-12,2.7437204905747656e-22,1.1935283283470434e-23
1.8057169589717224e-15,0.05595639656,0.054,0.0,0.0,0.029736826968355022,0.8799999998855688,1.2987526592373374e-32,0.0,0.0,0.06599999994315807,0.0,2.288623988953615e-10,3.737552200833551e-11,3.737552201165403e-11,1.946641210735622e-11,1.707000701702721e-21,9.54713797429749e-23
3.611446163828352e-15,0.05595639656,0.054,0.0,0.0,0.029736826645273,0.8799999997711367,4.154995160942206e-31,0.0,0.0,0.06599999988631576,0.0,4.5772634320271777e-10,7.475129630670415e-11,7.475129632934867e-11,3.89329444292547e-11,1.1704072848194665e-20,7.635787944639816e-22
7.222904573541612e-15,0.05595639656,0.054,0.0,0.0,0.02973682599910901,0.8799999995422728,1.328927107442933e-29,0.0,0.0,0.06599999977263118,0.0,9.154542118020561e-10,1.4950284113851597e-10,1.4950284130405966e-10,7.78659736980096e-11,8.582478848934003e-20,6.105484303593639e-21
1.444582139296813e-14,0.05595639656,0.054,0.0,0.0,0.029736824706781288,0.879999999084545,4.248239157482886e-28,0.0,0.0,0.06599999954526219,0.0,1.8309098689232942e-09,2.9900591418203737e-10,2.990059154439775e-10,1.5573189094049115e-10,6.5536694707381755e-19,4.87933234220552e-20
2.889165503182117e-14,0.05595639656,0.054,0.0,0.0,0.029736822122126874,0.8799999981690894,1.3566691643763991e-26,0.0,0.0,0.06599999909052486,0.0,3.6618208627287805e-09,5.980119813054737e-10,5.980119911519517e-10,3.1146316188644757e-10,5.1180086744130074e-18,3.895390332715395e-19
5.778332230952724e-14,0.05595639656,0.054,0.0,0.0,0.029736816952822324,0.8799999963381792,4.323725069482451e-25,0.0,0.0,0.0659999981810528,0.0,7.3236415675820645e-09,1.1960236998325113e-09,1.1960237776177182e-09,6.229234627510737e-10,4.044433575646895e-17,3.103463748805524e-18
8.667498958723331e-14,0.05595639656,0.054,0.0,0.0,0.029736811783522245,0.8799999945072695,2.0654129197211146e-24,0.0,0.0,0.06599999727158348,0.0,1.0985460988309938e-08,1.7940348694859528e-09,1.794035099585756e-09,9.343815400879472e-10,1.196474344633853e-16,9.192574392847315e-18
1.1556665686493939e-13,0.05595639656,0.054,0.0,0.0,0.029736806614226844,0.8799999926763603,6.825146954901877e-24,0.0,0.0,0.065999996362117,0.0,1.4647279123597327e-08,2.392045357112555e-09,2.3920458575232686e-09,1.24583741139639e-09,2.6020296081903664e-16,1.9989238070459008e-17
1.7334999142035153e-13,0.05595639656,0.054,0.0,0.0,0.029736796275647775,0.8799999890145437,3.968730495430773e-23,0.0,0.0,0.065999994543191,0.0,2.1970912372197636e-08,3.588064209950415e-09,3.58806565967092e-09,1.8687440451545178e-09,7.537799731798552e-16,5.783086931857821e-17
2.311333259757637e-13,0.05595639656,0.054,0.0,0.0,0.029736785937087847,0.8799999853527294,1.3178516198216012e-22,0.0,0.0,0.06599999272427638,0.0,2.9294540880666932e-08,4.784079231751169e-09,4.784082398848918e-09,2.4916427404009217e-09,1.6466058591248141e-15,1.2609850429727279e-16
2.8891666053117583e-13,0.05595639656,0.054,0.0,0.0,0.029736775598549793,0.8799999816909176,3.5455304550450133e-22,0.0,0.0,0.06599999090537462,0.0,3.661816430154975e-08,5.98008923583889e-09,5.980095174022695e-09,3.1145330500857726e-09,3.087028595727004e-15,2.358458573920986e-16
3.46699995086588e-13,0.05595639656,0.054,0.0,0.0,0.029736765260035554,0.8799999780291085,8.283355380379602e-22,0.0,0.0,0.06599998908648674,0.0,4.3941782532085094e-08,7.176093078461163e-09,7.176103126766788e-09,3.737414959698674e-09,5.223137479076551e-15,3.9792717097447076e-16
4.0448332964200013e-13,0.05595639656,0.054,0.0,0.0,0.02973675492154671,0.8799999743673018,1.730465293407928e-21,0.0,0.0,0.0659999872676135,0.0,5.126539555808789e-08,8.372089716389958e-09,8.372105477652678e-09,4.3602885983646184e-09,8.191752270780765e-15,6.221913101124147e-16
5.200499987528245e-13,0.05595639656,0.054,0.0,0.0,0.02973673424465155,0.8799999670436962,5.977129481875728e-21,0.0,0.0,0.06599998362991408,0.0,6.591260600061385e-08,1.0764056999882768e-08,1.0764090106330716e-08,5.606011718303951e-09,1.7202104438461672e-14,1.2976912237620721e-15
6.356166678636488e-13,0.05595639656,0.054,0.0,0.0,0.029736713567876962,0.8799999597201008,1.6010772191879166e-20,0.0,0.0,0.06599997999228266,0.0,8.055979557451333e-08,1.3155982514101699e-08,1.3156042660914033e-08,6.851703578056019e-09,3.124364334537111e-14,2.3403623821047065e-15
8.667500060852974e-13,0.05595639656,0.054,0.0,0.0,0.029736672214740117,0.8799999450729411,7.59285129790523e-20,0.0,0.0,0.06599997271724896,0.0,1.0985411184556221e-07,1.7939674075444195e-08,1.793982606076503e-08,9.342998048418867e-09,7.890394133619783e-14,5.822276460921368e-15
1e-12,0.05595639656,0.054,0.0,0.0,0.029736648374647703,0.879999936628769,1.6200783235904987e-19,0.0,0.0,0.06599996852329555,0.0,1.2674245278924802e-07,2.0697387826436422e-08,2.0697621087320017e-08,1.0779195559053155e-08,1.210551598142707e-13,8.848946791500183e-15
1.3290166825285945e-12,0.05595639656,0.054,0.0,0.0,0.029736589510469372,0.8799999157787441,6.599446655061879e-19,0.0,0.0,0.06599995816827398,0.0,1.6844249096207635e-07,2.7506180857906074e-08,2.750672821835206e-08,1.4325261332010417e-08,2.8383037920690557e-13,2.0298767815947846e-14
1.7912833589718917e-12,0.05595639656,0.054,0.0,0.0,0.029736506809542665,0.8799998864847113,2.7800755616418684e-18,0.0,0.0,0.06599994362109045,0.0,2.270305287913885e-07,3.707106481363915e-08,3.7072405620710094e-08,1.930715020236569e-08,6.945292080336701e-13,4.82455664042125e-14
2.253550035415189e-12,0.05595639656,0.054,0.0,0.0,0.029736424112767133,0.8799998571908423,8.319454306821359e-18,0.0,0.0,0.06599992907610007,0.0,2.8561822162762663e-07,4.663378122839955e-08,4.6636452794607696e-08,2.428873621204756e-08,1.3824825860532537e-12,9.338222014929891e-14
2.715816711858486e-12,0.05595639656,0.054,0.0,0.0,0.029736341420948824,0.8799998278971372,2.026935557745429e-17,0.0,0.0,0.0659999145337042,0.0,3.4420556620659795e-07,5.619378586687931e-08,5.619846505746376e-08,2.927009081909169e-08,2.4191037494105254e-12,1.589764411463058e-13
3.1780833883017832e-12,0.05595639656,0.054,0.0,0.0,0.029736258734892593,0.8799997986035959,4.293352361590565e-17,0.0,0.0,0.0659998999943038,0.0,4.0279255966958414e-07,6.57505350415526e-08,6.575803851319498e-08,3.425128540191658e-08,3.875726701565164e-12,2.4789613471828104e-13
4.102616741188378e-12,0.05595639656,0.054,0.0,0.0,0.029736093383279396,0.8799997400170053,1.4509523874635559e-16,0.0,0.0,0.06599987092609097,0.0,5.199654833655595e-07,8.485209571183346e-08,8.486825739123483e-08,4.42134795015052e-08,8.333812722752009e-12,5.056562894259446e-13
5.027150094074972e-12,0.05595639656,0.054,0.0,0.0,0.029735928064338533,0.8799996814310698,3.811474148358722e-16,0.0,0.0,0.06599984187465853,0.0,6.371369761903065e-07,1.0393412899625424e-07,1.0396389528566905e-07,5.4175887266379674e-08,1.5325204215641563e-11,8.833571529411324e-13
5.951683446961566e-12,0.05595639656,0.054,0.0,0.0,0.02973576278445462,0.8799996228457898,8.464844964660681e-16,0.0,0.0,0.0659998128431923,0.0,7.543070255119197e-07,1.229923165930712e-07,1.2304175317821e-07,6.4139075036256e-08,2.5416056667056808e-11,1.3938357483731749e-12
6.876216799848161e-12,0.05595639656,0.054,0.0,0.0,0.029735597549981785,0.8799995642611647,1.6681491701942994e-15,0.0,0.0,0.06599978383486436,0.0,8.714756215960884e-07,1.4202235976363385e-07,1.420986487670159e-07,7.410360618932767e-08,3.9169692304917646e-11,2.047045658721245e-12
7.800750152734756e-12,0.05595639656,0.054,0.0,0.0,0.029735432367239262,0.8799995056771944,3.00641261833439e-15,0.0,0.0,0.0659997548528304,0.0,9.886427569606877e-07,1.6101998286835587e-07,1.6113141833249402e-07,8.407004063059231e-08,5.7146087251619587e-11,2.85069849119064e-12
8.725283505621351e-12,0.05595639656,0.054,0.0,0.0,0.029735267242507003,0.8799994470938789,5.05578295728225e-15,0.0,0.0,0.06599972590022753,0.0,1.1058084259462826e-06,1.7998093679364905e-07,1.8013691873563614e-07,9.403893430123839e-08,7.990137460969122e-11,3.810696778582037e-12
9.649816858507946e-12,0.05595639656,0.054,0.0,0.0,0.029735102182021553,0.8799993885112178,8.045578282920991e-15,0.0,0.0,0.06599969698017183,0.0,1.2229726243963443e-06,1.9890100202450307e-07,1.9911202927715547e-07,1.0401083873621049e-07,1.0798739916644824e-10,4.9314556942768565e-12
1e-11,0.05595639656,0.054,0.0,0.0,0.029735039680540972,0.8799993663221835,9.477185535175987e-15,0.0,0.0,0.06599968603533576,0.0,1.267350224564443e-06,2.0605576235522154e-07,2.0629060641699546e-07,1.0778877105557983e-07,1.2013083238905423e-10,5.39864980379685e-12
1.0574350211394542e-11,0.05595639656,0.054,0.0,0.0,0.029734937191970973,0.8799993299292109,1.2240207182352791e-14,0.0,0.0,0.0659996680957558,0.0,1.3401353492919476e-06,2.1777599255410497e-07,2.1805365410890397e-07,1.1398630049865918e-07,1.4195115105322097e-10,6.2162680626100944e-12
1.1498883564281137e-11,0.05595639656,0.054,0.0,0.0,0.029734772278490414,0.8799992713478579,1.793931780544943e-14,0.0,0.0,0.06599963925004591,0.0,1.4572965985109597e-06,2.366017590856818e-07,2.3695872426916113e-07,1.2396586071619053e-07,1.8233430236913973e-10,7.667543767046152e-12
1.2423416917167732e-11,0.05595639656,0.054,0.0,0.0,0.029734607447658035,0.8799992127671582,2.5477589772979577e-14,0.0,0.0,0.06599961044608052,0.0,1.5744563706606133e-06,2.5537419208550877e-07,2.558241996869967e-07,1.3395005463958255e-07,2.29672765737952e-10,9.286975930734634e-12
1.3347950270054327e-11,0.05595639656,0.054,0.0,0.0,0.029734442705490763,0.879999154187112,3.522449385920718e-14,0.0,0.0,0.06599958168686773,0.0,1.691614664946955e-06,2.740892247998523e-07,2.7464707119769633e-07,1.4393941120821262e-07,2.8449625850132785e-10,1.1075671282753595e-11
1.5197016975827514e-11,0.05595639656,0.054,0.0,0.0,0.029734113510887096,0.8799990370289773,6.299358255349475e-14,0.0,0.0,0.06599952431456753,0.0,1.9259268190667924e-06,3.1133105521946606e-07,3.1215313318292014e-07,1.639356937567629e-07,4.1868348966690577e-10,1.5163029867990214e-11
1.7046083681600705e-11,0.05595639656,0.054,0.0,0.0,0.029733784741428366,0.8799989198734508,1.0488271961343177e-13,0.0,0.0,0.06599946715652116,0.0,2.1602330624618273e-06,3.4829568909281744e-07,3.4945353440397146e-07,1.8395879680832633e-07,5.889929297323771e-10,1.9930784061044042e-11
1.8895150387373895e-11,0.05595639656,0.054,0.0,0.0,0.029733456442616348,0.8799988027205289,1.6505486025122243e-13,0.0,0.0,0.0659994102354833,0.0,2.3945334007413746e-06,3.8495244172760684e-07,3.865255247752858e-07,2.040126802540818e-07,7.99394719349766e-10,2.5376282492702506e-11
2.0744217093147085e-11,0.05595639656,0.054,0.0,0.0,0.029733128658583026,0.8799986855702074,2.4817949675346415e-13,0.0,0.0,0.06599935357352546,0.0,2.6288278423829213e-06,4.212715917221578e-07,4.233470406997735e-07,2.241011630442211e-07,1.0537197704536639e-09,3.149420548939792e-11
2.2593283798920276e-11,0.05595639656,0.054,0.0,0.0,0.029732801431977034,0.8799985684224825,3.594103234492679e-13,0.0,0.0,0.06599929719197899,0.0,2.863116398077484e-06,4.5722446080602744e-07,4.598967615022783e-07,2.4422791184476073e-07,1.3556483670318327e-09,3.827721837122053e-11
2.4442350504693466e-11,0.05595639656,0.054,0.0,0.0,0.029732474803858756,0.8799984512773493,5.043616017113326e-13,0.0,0.0,0.06599924111138224,0.0,3.0973990802016623e-06,4.927834874139709e-07,4.961541616162978e-07,2.643964306466113e-07,1.708699711800239e-09,4.571649929329492e-11
2.6291417210466657e-11,0.05595639656,0.054,0.0,0.0,0.029732148813604278,0.8799983341348031,6.890834736436114e-13,0.0,0.0,0.06599918535143237,0.0,3.33167590240309e-06,5.279222938245418e-07,5.320995583930181e-07,2.846100513502384e-07,2.116222443836348e-09,5.3802153480232565e-11
2.8140483916239847e-11,0.05595639656,0.054,0.0,0.0,0.029731823498819154,0.8799982169948384,9.200358523849043e-13,0.0,0.0,0.0659991299309422,0.0,3.565946879370196e-06,5.626157461318421e-07,5.677141550868797e-07,3.048719254315061e-07,2.5813862339426194e-09,6.252344237444836e-11
2.998955062201304e-11,0.05595639656,0.054,0.0,0.0,0.029731498895262744,0.8799980998574499,1.2040609703012912e-12,0.0,0.0,0.06599907486780213,0.0,3.8002120267331784e-06,5.968400065796983e-07,6.029800786293562e-07,3.2518501675666087e-07,3.107174525757934e-09,7.186888115039472e-11
3.183861732778623e-11,0.05595639656,0.054,0.0,0.0,0.029731175036783256,0.8799979827226319,1.5483553155307221e-12,0.0,0.0,0.06599902017894776,0.0,4.034471360983874e-06,6.305725782518651e-07,6.378804120697461e-07,3.4555209554613037e-07,3.696378422168325e-09,8.182631706136705e-11
3.368768403355942e-11,0.05595639656,0.054,0.0,0.0,0.029730851955263295,0.8799978655903784,1.9604413311010952e-12,0.0,0.0,0.06599896588033258,0.0,4.2687248993725125e-06,6.637923422541994e-07,6.723992217326247e-07,3.6597573346487914e-07,4.351591695194784e-09,9.238303054072273e-11
3.553675073933261e-11,0.05595639656,0.054,0.0,0.0,0.029730529680575893,0.879997748460683,2.4481386489220735e-12,0.0,0.0,0.06599891198690583,0.0,4.5029726598114575e-06,6.964795874270534e-07,7.065215791446198e-07,3.8645829983050226e-07,5.075206911327433e-09,1.0352582902891197e-10
3.73858174451058e-11,0.05595639656,0.054,0.0,0.0,0.029730208240550986,0.8799976313335391,3.0195347846199866e-12,0.0,0.0,0.0659988585125958,0.0,4.737214660809999e-06,7.286160325839598e-07,7.402335777462582e-07,4.0700195893620946e-07,5.869412670074303e-09,1.1524110951871776e-10
3.923488415087899e-11,0.05595639656,0.054,0.0,0.0,0.029729887660952303,0.87999751420894,3.682955734453461e-12,0.0,0.0,0.06599880547029821,0.0,4.97145092142563e-06,7.601848413699476e-07,7.735223444334734e-07,4.276086684715909e-07,6.736191938963025e-09,1.2751490416968865e-10
4.108395085665218e-11,0.05595639656,0.054,0.0,0.0,0.029729567965464238,0.8799973970868793,4.446936936949821e-12,0.0,0.0,0.06599875287186957,0.0,5.205681461209349e-06,7.911706299577901e-07,8.06376046053106e-07,4.482801790054739e-07,7.677321449637133e-09,1.4033293132357048e-10
4.293301756242537e-11,0.05595639656,0.054,0.0,0.0,0.029729249175688553,0.8799972799673491,5.320194663713091e-12,0.0,0.0,0.06599870072812554,0.0,5.439906300143017e-06,8.215594678631649e-07,8.38783891041541e-07,4.6901803448558013e-07,8.694372110221758e-09,1.536806539794172e-10
4.478208426819856e-11,0.05595639656,0.054,0.0,0.0,0.02972893131115024,0.8799971628503429,6.311597745340446e-12,0.0,0.0,0.06599864904884373,0.0,5.674125458579689e-06,8.513388721764888e-07,8.707361264202585e-07,4.898235737069984e-07,9.788710386491182e-09,1.6754333496099587e-10
4.663115097397175e-11,0.05595639656,0.054,0.0,0.0,0.029728614389312364,0.8799970457358529,7.43013976602945e-12,0.0,0.0,0.06599859784277116,0.0,5.908338957191491e-06,8.804977955312472e-07,9.022240303708862e-07,5.10697932698278e-07,1.0961500601073626e-08,1.8190608421510587e-10
4.848021767974494e-11,0.05595639656,0.054,0.0,0.0,0.02972829842559916,0.8799969286238717,8.684912042829851e-12,0.0,0.0,0.06599854711763575,0.0,6.142546816920207e-06,9.0902660816959e-07,9.332399006317012e-07,5.316420479680141e-07,1.2213708093917275e-08,1.9675390287683035e-10
5.032928438551813e-11,0.05595639656,0.054,0.0,0.0,0.029727983433426964,0.8799968115143918,1.0085077593501473e-11,0.0,0.0,0.06599849688016178,0.0,6.3767490589262595e-06,9.369170745062206e-07,9.637770389865314e-07,5.526566605489094e-07,1.3546103181345592e-08,2.1207172843299083e-10
5.217835109129132e-11,0.05595639656,0.054,0.0,0.0,0.02972766942424245,0.8799966944074051,1.1639846109530694e-11,0.0,0.0,0.06599844713608877,0.0,6.610945704537191e-06,9.641623246160171e-07,9.938297321401359e-07,5.737423207727546e-07,1.495926584750661e-08,2.2784447991487333e-10
5.402741779706451e-11,0.05595639656,0.054,0.0,0.0,0.029727356407567365,0.8799965773029043,1.3358449939616457e-11,0.0,0.0,0.0659983978901941,0.0,6.845136775198705e-06,9.907568210825013e-07,1.023393229284557e-06,5.948993937082131e-07,1.645359110043986e-08,2.4405710018392965e-10
5.58764845028377e-11,0.05595639656,0.054,0.0,0.0,0.02972704439104939,0.879996460200881,1.5250121194549252e-11,0.0,0.0,0.06599834914631823,0.0,7.079322292428823e-06,1.0166963216522688e-06,1.0524637166644293e-06,6.16128065192363e-07,1.802929492401088e-08,2.6069459471130823e-10
5.7725551208610893e-11,0.05595639656,0.054,0.0,0.0,0.029726733380518254,0.8799963431013277,1.732407011449553e-11,0.0,0.0,0.06599830090739271,0.0,7.313502277773844e-06,1.041977838147369e-06,1.08103828945257e-06,6.374283483862195e-07,1.9686420756179333e-08,2.7774206816804406e-10
5.957461791438408e-11,0.05595639656,0.054,0.0,0.0,0.029726423380046767,0.8799962260042362,1.9589464763041368e-11,0.0,0.0,0.0659982531754707,0.0,7.547676752765345e-06,1.0665995920904293e-06,1.1091149212504e-06,6.588000907843045e-07,2.142484642390127e-08,2.951847595451676e-10
6.142368462015726e-11,0.05595639656,0.054,0.0,0.0,0.02972611439201579,0.8799961089095983,2.2055412045400464e-11,0.0,0.0,0.06599820595175943,0.0,7.781845738878904e-06,1.090560967493851e-06,1.1366924315272647e-06,6.802429816091289e-07,2.3244291465752034e-08,3.130080752393828e-10
6.327275132593045e-11,0.05595639656,0.054,0.0,0.0,0.029725806417182865,0.8799959918174066,2.4730940055601722e-11,0.0,0.0,0.06599815923665443,0.0,8.016009257495265e-06,1.1138624612555612e-06,1.163770451307199e-06,7.017565595231139e-07,2.5144324774965496e-08,3.3119761942146807e-10
6.512181803170363e-11,0.05595639656,0.054,0.0,0.0,0.029725499454753668,0.8799958747276526,2.7624981787906533e-11,0.0,0.0,0.06599811302977532,0.0,8.250167329863938e-06,1.136505631591493e-06,1.1903493874028918e-06,7.233402205926207e-07,2.7124372497720436e-08,3.4973922170588834e-10
6.697088473747681e-11,0.05595639656,0.054,0.0,0.0,0.029725193502455838,0.8799957576403284,3.0746360239910556e-11,0.0,0.0,0.0659980673300025,0.0,8.484319977068884e-06,1.1584930449201062e-06,1.216430385486424e-06,7.449932264413297e-07,2.918372612402392e-08,3.686189624898638e-10
6.881995144325e-11,0.05595639656,0.054,0.0,0.0,0.02972488855661453,0.8799956405554261,3.4103774898433974e-11,0.0,0.0,0.06599802213551517,0.0,8.718467219996204e-06,1.1798282215966988e-06,1.2420152922749572e-06,7.667147125331264e-07,3.132155071145141e-08,3.8782319608695216e-10
7.066901814902318e-11,0.05595639656,0.054,0.0,0.0,0.029724584612229283,0.8799955234729376,3.770578957725974e-11,0.0,0.0,0.06599797744382942,0.0,8.952609079304032e-06,1.2005155808750983e-06,1.2671066170962734e-06,7.885036965279822e-07,3.353689318530146e-08,4.073385715130947e-10
7.251808485479636e-11,0.05595639656,0.054,0.0,0.0,0.02972428166305154,0.8799954063928555,4.1560821578441895e-11,0.0,0.0,0.06599793325183725,0.0,9.186745575394744e-06,1.220560385452037e-06,1.2917074930839404e-06,8.103590866579443e-07,3.5828690662329905e-08,4.2715205083931023e-10
7.436715156056955e-11,0.05595639656,0.054,0.0,0.0,0.029723979701662545,0.8799952893151713,4.5677132153327087e-11,0.0,0.0,0.06599788955584525,0.0,9.420876728389426e-06,1.239968685925779e-06,1.315821638235573e-06,8.32279690074189e-07,3.8195778749037345e-08,4.472509252138566e-10
7.806528497211593e-11,0.05595639656,0.054,0.0,0.0,0.02972337870718943,0.8799950551669667,5.4725808588874064e-11,0.0,0.0,0.06599780363439423,0.0,9.889123084034143e-06,1.2769035858796354e-06,1.3626072998362208e-06,8.763113092581675e-07,4.3150710659408605e-08,4.882557462942611e-10
8.127050489591667e-11,0.05595639656,0.054,0.0,0.0,0.029722860924128604,0.8799948522353855,6.348845487030316e-11,0.0,0.0,0.06599773072542497,0.0,1.0294941133801208e-05,1.306926173262509e-06,1.4016269917849982e-06,9.146722012460501e-07,4.767620052507195e-08,5.246056191544152e-10
8.369229541868009e-11,0.05595639656,0.054,0.0,0.0,0.02972247157400852,0.8799946989096555,7.070116456918428e-11,0.0,0.0,0.06599767657885129,0.0,1.0601557454592321e-05,1.3284146433314204e-06,1.4301862906354326e-06,9.437737143713203e-07,5.1232791006737336e-08,5.525323815637029e-10
8.61140859414435e-11,0.05595639656,0.054,0.0,0.0,0.02972208380616072,0.8799945455879608,7.84413301791927e-11,0.0,0.0,0.06599762322718263,0.0,1.0908164806021333e-05,1.3488974476614348e-06,1.4579668205758488e-06,9.729718268924281e-07,5.490354284966851e-08,5.808301258047109e-10
8.853587646420692e-11,0.05595639656,0.054,0.0,0.0,0.029721697590018983,0.8799943922702854,8.67246013998962e-11,0.0,0.0,0.06599757065516706,0.0,1.1214763227480381e-05,1.3683973575964352e-06,1.4849838791847544e-06,1.0022627518190425e-06,5.868472352420105e-08,6.09476258522857e-10
9.095766698697033e-11,0.05595639656,0.054,0.0,0.0,0.02972131289337139,0.8799942389566133,9.556606351913913e-11,0.0,0.0,0.06599751884672891,0.0,1.1521352757135184e-05,1.3869381917038329e-06,1.5112535858986388e-06,1.0316425915598507e-06,6.257248782340447e-08,6.384493262049315e-10
9.337945750973375e-11,0.05595639656,0.054,0.0,0.0,0.02972092968260771,0.879994085646929,1.0498023656191776e-10,0.0,0.0,0.06599746778509206,0.0,1.1827933431898413e-05,1.4045446424537685e-06,1.5367927583062533e-06,1.061107362800546e-06,6.656290266680351e-08,6.677290092383055e-10
9.580124803249716e-11,0.05595639656,0.054,0.0,0.0,0.02972054792295109,0.8799939323412174,1.149810832907952e-10,0.0,0.0,0.06599741745289602,0.0,1.2134505287415424e-05,1.421242114822105e-06,1.5616187962582076e-06,1.090653019301941e-06,7.065196985327821e-08,6.972961051124908e-10
9.798085950298424e-11,0.05595639656,0.054,0.0,0.0,0.029720205550445477,0.8799937943694611,1.2449455070554314e-10,0.0,0.0,0.06599737276285791,0.0,1.2410412445355e-05,1.43551411545271e-06,1.5833672646752682e-06,1.1173098888537384e-06,7.441313778397033e-08,7.241372452115854e-10
9.999999999999999e-11,0.05595639656,0.054,0.0,0.0,0.029719889384504903,0.8799936665585418,1.3374951166743106e-10,0.0,0.0,0.06599733186583301,0.0,1.2665999980402038e-05,1.4481138935601997e-06,1.6030235965030732e-06,1.1420570794544028e-06,7.796319399643847e-08,7.491860279083214e-10
1.0016047097347131e-10,0.05595639656,0.054,0.0,0.0,0.029719864297841708,0.8799936564009001,1.3450350479826003e-10,0.0,0.0,0.0659973286359596,0.0,1.2686312511716961e-05,1.4490900958316207e-06,1.604565856942679e-06,1.1440259684864933e-06,7.824797609304386e-08,7.51184066673158e-10
1.0234008244395838e-10,0.05595639656,0.054,0.0,0.0,0.02971952413819924,0.879993518435524,1.4501700620077098e-10,0.0,0.0,0.06599728505874858,0.0,1.2962205509811777e-05,1.4619894768826076e-06,1.6252280495238356e-06,1.1707982588287731e-06,8.215351573632367e-08,7.784248202581758e-10
1.0451969391444545e-10,0.05595639656,0.054,0.0,0.0,0.029719185044309402,0.8799933804733227,1.5604377781790612e-10,0.0,0.0,0.0659972420176374,0.0,1.3238091462104296e-05,1.4742318027825049e-06,1.6453674522821704e-06,1.1976237670895228e-06,8.612679274496527e-08,8.058484358688838e-10
1.0669930538493253e-10,0.05595639656,0.054,0.0,0.0,0.029718846988793214,0.8799932425142862,1.6759221517960286e-10,0.0,0.0,0.06599719949895268,0.0,1.351397039021945e-05,1.4858366739615054e-06,1.664997759573686e-06,1.2244995161030446e-06,9.0164857272235e-08,8.334445031702393e-10
1.088789168554196e-10,0.05595639656,0.054,0.0,0.0,0.029718509944191864,0.8799931045584055,1.7967039705336323e-10,0.0,0.0,0.0659971574889802,0.0,1.3789842314949048e-05,1.4968236853332664e-06,1.684132705000352e-06,1.2514225525863243e-06,9.42647818560448e-08,8.61203252137672e-10
1.1105852832590667e-10,0.05595639656,0.054,0.0,0.0,0.029718173883050474,0.8799929666056708,1.9228609622267936e-10,0.0,0.0,0.065997115974007,0.0,1.4065707256260202e-05,1.5072123693790693e-06,1.7027860195715306e-06,1.2783899546702244e-06,9.842366895829517e-08,8.891155329240418e-10
1.1323813979639374e-10,0.05595639656,0.054,0.0,0.0,0.029717838777994877,0.8799928286560732,2.0544679084457443e-10,0.0,0.0,0.0659970749403594,0.0,1.4341565233306166e-05,1.5170221441389567e-06,1.72097139328865e-06,1.305398838684589e-06,1.0263865776219326e-07,9.171727942440121e-10
1.1541775126688082e-10,0.05595639656,0.054,0.0,0.0,0.029717504601801607,0.8799926907096042,2.1915967646787658e-10,0.0,0.0,0.06599703437443845,0.0,1.461741626443929e-05,1.5262722661507684e-06,1.7387024401781737e-06,1.3324463651892815e-06,1.0690693021986032e-07,9.453670606194739e-10
1.175973627373679e-10,0.05595639656,0.054,0.0,0.0,0.02971717132746125,0.8799925527662549,2.334316784113548e-10,0.0,0.0,0.0659969942627512,0.0,1.4893260367225267e-05,1.5349817881287582e-06,1.7559926666465255e-06,1.3595297442931e-06,1.1122571639133521e-07,9.736909093204075e-10
1.1977697420785498e-10,0.05595639656,0.054,0.0,0.0,0.02971683892823548,0.8799924148260171,2.4826946421872673e-10,0.0,0.0,0.0659969545919395,0.0,1.5169097558458265e-05,1.543169521056231e-06,1.772855442948413e-06,1.3866462403198625e-06,1.1559229913335218e-07,1.002137447325293e-09
1.2195658567834205e-10,0.05595639656,0.054,0.0,0.0,0.029716507377708316,0.8799922768888827,2.6367945611799717e-10,0.0,0.0,0.06599691534880554,0.0,1.5444927854177164e-05,1.5508540004299313e-06,1.7893039775917536e-06,1.4137931758645556e-06,1.2000401818048272e-07,1.030700288147365e-09
1.2413619714882912e-10,0.05595639656,0.054,0.0,0.0,0.029716176649831696,0.8799921389548443,2.7966784350236395e-10,0.0,0.0,0.06599687652033462,0.0,1.57207512696828e-05,1.5580534564706425e-06,1.805351294550069e-06,1.4409679352677874e-06,1.2445827364683504e-07,1.0593735284792692e-09
1.263158086193162e-10,0.05595639656,0.054,0.0,0.0,0.029715846718965787,0.879992001023894,2.9624059539204444e-10,0.0,0.0,0.06599683809371537,0.0,1.5996567819556088e-05,1.5647857881090205e-06,1.8210102131523485e-06,1.4681679675392948e-06,1.2895252897888475e-07,1.0881517248971737e-09
1.2849542008980327e-10,0.05595639656,0.054,0.0,0.0,0.029715517559914126,0.8799918630960243,3.1340347277653075e-10,0.0,0.0,0.0659968000563573,0.0,1.6272377517676563e-05,1.5710685405117658e-06,1.8362933304932256e-06,1.4953907887697822e-06,1.3348431339832881e-07,1.1170298708845117e-09
1.3067503156029034e-10,0.05595639656,0.054,0.0,0.0,0.029715189147954194,0.8799917251712285,3.3116204074974613e-10,0.0,0.0,0.06599676239590616,0.0,1.6548180377241397e-05,1.5769188858970126e-06,1.851213006194181e-06,1.5226339840723244e-06,1.3805122387584367e-07,1.1460033742600648e-09
1.328546430307774e-10,0.05595639656,0.054,0.0,0.0,0.029714861458863498,0.8799915872494996,3.495216803947323e-10,0.0,0.0,0.06599672510025682,0.0,1.6823976410784757e-05,1.5823536074050419e-06,1.8657813493557267e-06,1.5498952090904424e-06,1.4265092667262073e-07,1.1750680350073156e-09
1.3503425450126448e-10,0.05595639656,0.054,0.0,0.0,0.029714534468941674,0.8799914493308308,3.684876003946426e-10,0.0,0.0,0.06599668815756461,0.0,1.7099765630197384e-05,1.587389085809752e-06,1.880010207552517e-06,1.5771721911062922e-06,1.4728115848293483e-07,1.2042200235555383e-09
1.3721386597175156e-10,0.05595639656,0.054,0.0,0.0,0.029714208155028655,0.8799913114152159,3.88064848340458e-10,0.0,0.0,0.06599665155625416,0.0,1.7375548046746384e-05,1.5920412888613322e-06,1.8939111577269702e-06,1.6044627297817448e-06,1.5193972721034757e-07,1.233455859616044e-09
1.3939347744223863e-10,0.05595639656,0.054,0.0,0.0,0.029713882494519495,0.8799911735026489,4.0825832169975835e-10,0.0,0.0,0.065996615285027,0.0,1.7651323671094952e-05,1.5963257630497435e-06,1.907495498836657e-06,1.6317646975653965e-06,1.5662451241036175e-07,1.2627723916507866e-09
1.415730889127257e-10,0.05595639656,0.054,0.0,0.0,0.029713557465375816,0.8799910355931234,4.290727784177647e-10,0.0,0.0,0.06599657933286719,0.0,1.79270925133221e-05,1.6002576275836303e-06,1.9207742461136403e-06,1.6590760397974721e-06,1.613334654313022e-07,1.2921667769991085e-09
1.4375270038321277e-10,0.05595639656,0.054,0.0,0.0,0.02971323304613442,0.8799908976866336,4.50512847133635e-10,0.0,0.0,0.06599654368904578,0.0,1.820285458294228e-05,1.603851570390576e-06,1.933758126800999e-06,1.6863947745424157e-06,1.6606460928306227e-07,1.3216364626744134e-09
1.4593231185369985e-10,0.05595639656,0.054,0.0,0.0,0.029712909215913113,0.8799907597831742,4.72583037001721e-10,0.0,0.0,0.06599650834312361,0.0,1.8478609888924758e-05,1.6071218459562788e-06,1.946457577239317e-06,1.713718992176928e-06,1.7081603826132943e-07,1.3511791668564787e-09
1.4811192332418692e-10,0.05595639656,0.054,0.0,0.0,0.029712585954414138,0.8799906218827397,4.952877471090489e-10,0.0,0.0,0.06599647328495303,0.0,1.8754358439712916e-05,1.6100822748293328e-06,1.9588827411820794e-06,1.7410468547596908e-06,1.7558591735341644e-07,1.380792861108288e-09
1.50291534794674e-10,0.05595639656,0.054,0.0,0.0,0.029712263241925337,0.8799904839853245,5.186312754816985e-10,0.0,0.0,0.06599643850467872,0.0,1.90301002432431e-05,1.6127462446264606e-06,1.9710434692243933e-06,1.768376595207708e-06,1.8037248145049396e-07,1.4104757533308768e-09
1.5247114626516106e-10,0.05595639656,0.054,0.0,0.0,0.02971194105931929,0.8799903460909243,5.426178276763096e-10,0.0,0.0,0.06599640399273694,0.0,1.930583530696324e-05,1.6151267123821526e-06,1.982949319235537e-06,1.7957065163026183e-06,1.8517403438947618e-07,1.4402262714551975e-09
1.5465075773564814e-10,0.05595639656,0.054,0.0,0.0,0.029711619388050756,0.8799902081995338,5.672515249570806e-10,0.0,0.0,0.0659963697398545,0.0,1.9581563637851115e-05,1.617236208096852e-06,1.994609557692542e-06,1.8230349895486238e-06,1.8998894784611607e-07,1.4700430478672357e-09
1.568303692061352e-10,0.05595639656,0.054,0.0,0.0,0.029711298210152337,0.8799900703111481,5.925364120614655e-10,0.0,0.0,0.06599633573704665,0.0,1.9857285242432196e-05,1.6190868393477184e-06,2.0060331618187436e-06,1.850360453902053e-06,1.9481566009923692e-07,1.4999249045640046e-09
1.5900998067662228e-10,0.05595639656,0.054,0.0,0.0,0.02971097750822885,0.8799899324257628,6.184764645594232e-10,0.0,0.0,0.06599630197561407,0.0,2.0133000126797104e-05,1.6206902968352829e-06,2.0172288224374735e-06,1.8776814143910674e-06,1.9965267468455244e-07,1.5298708390349888e-09
1.6118959214710935e-10,0.05595639656,0.054,0.0,0.0,0.02971065726545041,0.8799897945433736,6.450755958124814e-10,0.0,0.0,0.06599626844713964,0.0,2.0408708296618624e-05,1.6220578607480933e-06,2.0282049474570985e-06,1.904996440642637e-06,2.0449855895512403e-07,1.5598800108573148e-09
1.6336920361759643e-10,0.05595639656,0.054,0.0,0.0,0.029710337465544297,0.8799896566639765,6.723376635405372e-10,0.0,0.0,0.06599623514348424,0.0,2.0684409757168297e-05,1.6232004078360974e-06,2.038969665909508e-06,1.9323041653324912e-06,2.0935194256412038e-07,1.5899517289887902e-09
1.655488150880835e-10,0.05595639656,0.054,0.0,0.0,0.02971001809278604,0.8799895187875673,7.002664760058742e-10,0.0,0.0,0.06599620205678243,0.0,2.0960104513332524e-05,1.624128419092082e-06,2.0495308324699572e-06,1.9596032825724152e-06,2.1421151588419472e-07,1.6200854397419348e-09
1.6772842655857057e-10,0.05595639656,0.054,0.0,0.0,0.029709699131989533,0.8799893809141418,7.288657978250259e-10,0.0,0.0,0.0659961691794374,0.0,2.123579256962822e-05,1.624851987948592e-06,2.059896032391788e-06,1.986892546247956e-06,2.1907602837651392e-07,1.6502807154215062e-09
1.6990803802905764e-10,0.05595639656,0.054,0.0,0.0,0.029709380568496438,0.8799892430436965,7.581393554198666e-10,0.0,0.0,0.06599613650411583,0.0,2.1511473930217974e-05,1.625380828905458e-06,2.0700725867948174e-06,2.014170768318417e-06,2.2394428692128255e-07,1.6805372436061757e-09
1.7208764949954472e-10,0.05595639656,0.054,0.0,0.0,0.029709062388165126,0.8799891051762276,7.880908421199221e-10,0.0,0.0,0.06599610402374226,0.0,2.178714859892479e-05,1.6257242865102926e-06,2.0800675582512148e-06,2.041436817089886e-06,2.2881515412048753e-07,1.7108548170529876e-09
1.742672609700318e-10,0.05595639656,0.054,0.0,0.0,0.02970874457735898,0.8799889673117317,8.187239229284314e-10,0.0,0.0,0.06599607173149331,0.0,2.206281657924626e-05,1.6258913446212204e-06,2.0898877566174537e-06,2.0686896154709824e-06,2.3368754658252617e-07,1.7412333242022559e-09
1.7644687244051886e-10,0.05595639656,0.054,0.0,0.0,0.029708427122934367,0.8799888294502053,8.500422389651168e-10,0.0,0.0,0.06599603962079167,0.0,2.2338477874368347e-05,1.62589063588761e-06,2.09953974506544e-06,2.0959281392200077e-06,2.3856043319739004e-07,1.7716727402603348e-09
1.7862648391100593e-10,0.05595639656,0.054,0.0,0.0,0.029708110012228284,0.8799886915916451,8.820494115988723e-10,0.0,0.0,0.06599600768529999,0.0,2.2614132487178665e-05,1.6257304513907005e-06,2.1090298462701947e-06,2.1231514151912464e-06,2.434328334101448e-07,1.8021731188375091e-09
1.80806095381493e-10,0.05595639656,0.054,0.0,0.0,0.029707793233045787,0.8799885537360479,9.147490462836751e-10,0.0,0.0,0.06599597591891451,0.0,2.2889780420279254e-05,1.6254187503917222e-06,2.1183641487154602e-06,2.1503585195873087e-06,2.483038154995919e-07,1.8327345841178243e-09
1.8516531832246715e-10,0.05595639656,0.054,0.0,0.0,0.029707160622734943,0.8799882780337309,9.822400643824192e-10,0.0,0.0,0.06599591287017695,0.0,2.3441056256404525e-05,1.624371035812031e-06,2.136588578870881e-06,2.204720754848016e-06,2.5803803238411976e-07,1.8940415818647346e-09
1.895245412634413e-10,0.05595639656,0.054,0.0,0.0,0.02970652920331634,0.8799880023432308,1.0525439466397092e-09,0.0,0.0,0.065995850430179,0.0,2.3992305398307663e-05,1.6228049025525663e-06,2.154257303337699e-06,2.2590083761632827e-06,2.677565422745832e-07,1.95559587199332e-09
1.9388376420441544e-10,0.05595639656,0.054,0.0,0.0,0.029705898892771115,0.8799877266645263,1.125689292893458e-09,0.0,0.0,0.06599578855784878,0.0,2.454352785772816e-05,1.6207730782380107e-06,2.171411254513371e-06,2.3132155953708857e-06,2.774534775804823e-07,2.0174003010565935e-09
1.9824298714538959e-10,0.05595639656,0.054,0.0,0.0,0.029705269615336965,0.879987450997597,1.2017047273119915e-09,0.0,0.0,0.06599572721523797,0.0,2.5094723642912523e-05,1.6183239155147274e-06,2.1880882347055803e-06,2.3673372530452825e-06,2.8712359344946274e-07,2.0794582546875056e-09
2.0260221008636373e-10,0.05595639656,0.054,0.0,0.0,0.02970464130110587,0.8799871753424243,1.280618962778346e-09,0.0,0.0,0.06599566636732095,0.0,2.5645892758920283e-05,1.6155016914550912e-06,2.204323117508853e-06,2.421368768835613e-06,2.9676221874486846e-07,2.1417735116574498e-09
2.0696143302733788e-10,0.05595639656,0.054,0.0,0.0,0.029704013885633755,0.8799868996989904,1.3624608540775334e-09,0.0,0.0,0.06599560598180014,0.0,2.6197035207906797e-05,1.6123468961342707e-06,2.220148043204044e-06,2.475306094275735e-06,3.063652094473377e-07,2.2043501179860165e-09
2.108847336742146e-10,0.05595639656,0.054,0.0,0.0,0.029703449930989886,0.8799866516299234,1.4386456994642511e-09,0.0,0.0,0.06599555200553582,0.0,2.6693040611338975e-05,1.609253864255566e-06,2.234064473465133e-06,2.523766201602136e-06,3.1497439829938585e-07,2.2608959915156985e-09
2.1480803432109135e-10,0.05595639656,0.054,0.0,0.0,0.029702886616216704,0.8799864035703403,1.5172467862752505e-09,0.0,0.0,0.06599549835962631,0.0,2.7189024412087267e-05,1.6059461450443461e-06,2.2476927723013067e-06,2.572144838168742e-06,3.235493904559369e-07,2.3176600836011333e-09
2.1873133496796808e-10,0.05595639656,0.054,0.0,0.0,0.029702323904227442,0.8799861555202309,1.598285594191414e-09,0.0,0.0,0.06599544502546624,0.0,2.7684986606670132e-05,1.6024464560666503e-06,2.2610514214770893e-06,2.6204399866144978e-06,3.32088091056973e-07,2.3746455163641075e-09
2.2265463561484482e-10,0.05595639656,0.054,0.0,0.0,0.02970176176063898,0.8799859074795852,1.681783773895552e-09,0.0,0.0,0.06599539198580029,0.0,2.8180927190276313e-05,1.5987756727826556e-06,2.2741575505159813e-06,2.6686498765815383e-06,3.405886503282668e-07,2.431855376655903e-09
2.2657793626172155e-10,0.05595639656,0.054,0.0,0.0,0.029701200153588077,0.8799856594483935,1.767763155296661e-09,0.0,0.0,0.06599533922463144,0.0,2.8676846156874167e-05,1.5949529607813523e-06,2.287027028652908e-06,2.7167729643372074e-06,3.4904944343328886e-07,2.4892926856676626e-09
2.305012369085983e-10,0.05595639656,0.054,0.0,0.0,0.029700639053557798,0.8799854114266471,1.8562457527832328e-09,0.0,0.0,0.06599528672713431,0.0,2.9172743499312214e-05,1.5909959001529064e-06,2.2996745516986407e-06,2.7648079138023647e-06,3.574690517120619e-07,2.546960374061947e-09
2.34424537555475e-10,0.05595639656,0.054,0.0,0.0,0.02970007843321328,0.8799851634143377,1.947253768255279e-09,0.0,0.0,0.0659952344795733,0.0,2.966861920941284e-05,1.5869206027080045e-06,2.312113724208264e-06,2.8127535788241554e-06,3.658462451482092e-07,2.6048612608882198e-09
2.3834783820235176e-10,0.05595639656,0.054,0.0,0.0,0.029699518267246972,0.8799849154114571,2.0408095921278433e-09,0.0,0.0,0.06599518246922516,0.0,3.016447327805886e-05,1.5827418221049001e-06,2.324357136964213e-06,2.860608986667887e-06,3.7417996603940076e-07,2.6629980364727116e-09
2.422711388492285e-10,0.05595639656,0.054,0.0,0.0,0.029698958532233057,0.8799846674179976,2.1369358024862545e-09,0.0,0.0,0.0659951306843065,0.0,3.0660305695272875e-05,1.578473056927773e-06,2.3364164397771563e-06,2.908373322707573e-06,3.824693138512648e-07,2.7213732494130408e-09
2.4619443949610523e-10,0.05595639656,0.054,0.0,0.0,0.029698399206491234,0.8799844194339526,2.235655162604147e-09,0.0,0.0,0.06599507911390565,0.0,3.115611645028975e-05,1.5741266468527189e-06,2.3483024096695835e-06,2.9560459162786944e-06,3.907135312189761e-07,2.7799892971181435e-09
2.5011774014298197e-10,0.05595639656,0.054,0.0,0.0,0.029697840269959256,0.8799841714593145,2.3369906171279426e-09,0.0,0.0,0.06599502774791909,0.0,3.1651905531623534e-05,1.569713862257681e-06,2.3600250146492132e-06,3.0036262276171273e-06,3.98911991021743e-07,2.8388484189368053e-09
2.540410407898587e-10,0.05595639656,0.054,0.0,0.0,0.02969728170407378,0.8799839234940773,2.4409652871955194e-09,0.0,0.0,0.06599497657699206,0.0,3.214767292712911e-05,1.565244987673158e-06,2.3715934733110595e-06,3.0511138358039933e-06,4.0706418445121035e-07,2.8979526913678706e-09
2.5796434143673544e-10,0.05595639656,0.054,0.0,0.0,0.029696723491659204,0.8799836755382345,2.547602464687552e-09,0.0,0.0,0.06599492559246288,0.0,3.2643418624059034e-05,1.5607293994220055e-06,2.383016310482357e-06,3.0985084276485357e-06,4.1516971000686847e-07,2.957304025250099e-09
2.618876420836122e-10,0.05595639656,0.054,0.0,0.0,0.02969616561682392,0.8799834275917804,2.656925605756566e-09,0.0,0.0,0.06599487478631141,0.0,3.313914260911558e-05,1.5561756377369867e-06,2.394301409090885e-06,3.145809787454306e-06,4.23228263364491e-07,3.0169041648103896e-09
2.658109427304889e-10,0.05595639656,0.054,0.0,0.0,0.0296956080648639,0.8799831796547091,2.7689583237671462e-09,0.0,0.0,0.06599482415111065,0.0,3.363484486849858e-05,1.5515914736414678e-06,2.405456058437607e-06,3.1930177876156638e-06,4.312396280653329e-07,3.0767546882308846e-09
2.6973424337736565e-10,0.05595639656,0.054,0.0,0.0,0.029695050822172955,0.8799829317270151,2.8837243817799902e-09,0.0,0.0,0.06599477367998209,0.0,3.413052538794937e-05,1.5469839709014015e-06,2.4164869990707468e-06,3.240132379988303e-06,4.392036669705185e-07,3.1368570093710123e-09
2.736575440242424e-10,0.05595639656,0.054,0.0,0.0,0.02969449387615944,0.8799826838086934,3.0012476847024318e-09,0.0,0.0,0.06599472336655418,0.0,3.462618415279128e-05,1.5423595433682418e-06,2.4274004644675586e-06,3.2871535879763676e-06,4.471203144239551e-07,3.197212380427014e-09
2.775808446711191e-10,0.05595639656,0.054,0.0,0.0,0.029693937215168883,0.8799824358997388,3.1215522712077716e-09,0.0,0.0,0.0659946732049236,0.0,3.512182114796683e-05,1.5377240080190233e-06,2.4382022197234287e-06,3.334081499282195e-06,4.5498956907049945e-07,3.2578218954171e-09
2.8150414531799585e-10,0.05595639656,0.054,0.0,0.0,0.029693380828412313,0.8799821880001466,3.2446623055063256e-09,0.0,0.0,0.06599462318961946,0.0,3.5617436358071856e-05,1.5330826339766902e-06,2.4488975974346385e-06,3.380916259269758e-06,4.6281148728104357e-07,3.3186864943658073e-09
2.854274459648726e-10,0.05595639656,0.054,0.0,0.0,0.029692824705899727,0.8799819401099116,3.3706020690382485e-09,0.0,0.0,0.06599457331557014,0.0,3.6113029767386985e-05,1.5284401877758867e-06,2.459491530950796e-06,3.4276580648966235e-06,4.70586177139885e-07,3.379806968023982e-09
2.893507466117493e-10,0.05595639656,0.054,0.0,0.0,0.029692268838378555,0.87998169222903,3.499395952150026e-09,0.0,0.0,0.06599452357807271,0.0,3.6608601359906424e-05,1.5238009751292674e-06,2.4699885851670155e-06,3.47430715917142e-06,4.783137929518935e-07,3.4411839629786213e-09
2.9327404725862606e-10,0.05595639656,0.054,0.0,0.0,0.029691713217276705,0.8799814443574968,3.6310684458089354e-09,0.0,0.0,0.0659944739727642,0.0,3.710415111936461e-05,1.5191688794406338e-06,2.4803929850208907e-06,3.520863826095706e-06,4.859945302288451e-07,3.5028179870549054e-09
2.971973479055028e-10,0.05595639656,0.054,0.0,0.0,0.029691157834649845,0.8799811964953085,3.765644133401306e-09,0.0,0.0,0.0659944244955955,0.0,3.759967902926057e-05,1.5145473972990424e-06,2.4907086418519585e-06,3.5673283860515568e-06,4.936286211167088e-07,3.5647094149382317e-09
3.0112064855237953e-10,0.05595639656,0.054,0.0,0.0,0.0296906026831327,0.8799809486424602,3.903147682652052e-09,0.0,0.0,0.06599437514280697,0.0,3.809518507288046e-05,1.5099396711731165e-06,2.50093917777216e-06,3.6137011915991047e-06,5.012163302285255e-07,3.626858493942807e-09
3.0504394919925627e-10,0.05595639656,0.054,0.0,0.0,0.02969004775589398,0.8799807007989485,4.043603837695915e-09,0.0,0.0,0.06599432591090595,0.0,3.859066923331817e-05,1.5053485195100072e-06,2.5110879481865047e-06,3.659982623651025e-06,5.087579508502519e-07,3.6892653498539147e-09
3.08967249846133e-10,0.05595639656,0.054,0.0,0.0,0.029689493046594843,0.8799804529647693,4.1870374113254294e-09,0.0,0.0,0.06599427679664605,0.0,3.9086131493494456e-05,1.500776464430491e-06,2.5211580625948897e-06,3.7061730879933423e-06,5.162538014892979e-07,3.751929992785249e-09
3.1289055049300974e-10,0.05595639656,0.054,0.0,0.0,0.029688938549350483,0.8799802051399189,4.33347327743595e-09,0.0,0.0,0.06599422779700792,0.0,3.958157183617437e-05,1.4962257572000513e-06,2.53115240379852e-06,3.7522730121240395e-06,5.237042227375549e-07,3.8148523230088425e-09
3.1681385113988647e-10,0.05595639656,0.054,0.0,0.0,0.02968838425869464,0.8799799573243936,4.482936363683902e-09,0.0,0.0,0.06599417890918151,0.0,4.0076990243983526e-05,1.4916984016444558e-06,2.5410736456270387e-06,3.79828284238297e-06,5.311095744227166e-07,3.878032136722571e-09
3.207371517867632e-10,0.05595639656,0.054,0.0,0.0,0.029687830169546955,0.8799797095181898,4.635451644370443e-09,0.0,0.0,0.06599413013054994,0.0,4.057238669942283e-05,1.487196175666921e-06,2.5509242692950646e-06,3.8442030413485954e-06,5.384702330236835e-07,3.941469131722406e-09
3.2466045243363995e-10,0.05595639656,0.054,0.0,0.0,0.029687276277182734,0.8799794617213039,4.791044133559328e-09,0.0,0.0,0.06599408145867414,0.0,4.106776118488239e-05,1.4827206510128316e-06,2.5607065784895014e-06,3.890034085478993e-06,5.457865893277499e-07,4.005162912951145e-09
3.285837530805167e-10,0.05595639656,0.054,0.0,0.0,0.029686722577205206,0.8799792139337325,4.949738878434906e-09,0.0,0.0,0.06599403289127927,0.0,4.1563113682654e-05,1.4782732114175671e-06,2.5704227132821082e-06,3.935776462976357e-06,5.530590463090369e-07,4.069112997902611e-09
3.325070537273934e-10,0.05595639656,0.054,0.0,0.0,0.029686169065519796,0.8799789661554723,5.1115609529038154e-09,0.0,0.0,0.06599398442624163,0.0,4.205844417494288e-05,1.4738550692633846e-06,2.580074662955425e-06,3.981430671855894e-06,5.602880172092375e-07,4.133318821866303e-09
3.3643035437427015e-10,0.05595639656,0.054,0.0,0.0,0.02968561573831053,0.8799787183865202,5.276535451441879e-09,0.0,0.0,0.06599393606157711,0.0,4.25537526438785e-05,1.469467280862295e-06,2.5896642778241057e-06,4.026997218201402e-06,5.674739238032272e-07,4.197779743000389e-09
3.403536550211469e-10,0.05595639656,0.054,0.0,0.0,0.029685062592018245,0.8799784706268727,5.44468748318596e-09,0.0,0.0,0.06599388779543007,0.0,4.304903907152451e-05,1.4651107604733703e-06,2.5991932801280072e-06,4.072476614591386e-06,5.746171948334958e-07,4.26249504722298e-09
3.442769556680236e-10,0.05595639656,0.054,0.0,0.0,0.029684509623320504,0.8799782228765268,5.616042166268893e-09,0.0,0.0,0.06599383962606353,0.0,4.35443034398879e-05,1.4607862931548285e-06,2.6086632740679275e-06,4.117869378680749e-06,5.817182645986555e-07,4.327463952914515e-09
3.4820025631490036e-10,0.05595639656,0.054,0.0,0.0,0.0296839568291131,0.8799779751354792,5.790624622394499e-09,0.0,0.0,0.06599379155184983,0.0,4.403954573092756e-05,1.4564945465437162e-06,2.6180757550497537e-06,4.163176031924428e-06,5.887775716825064e-07,4.39268561542726e-09
3.521235569617771e-10,0.05595639656,0.054,0.0,0.0,0.02968340420649306,0.8799777274037269,5.9684599716485e-09,0.0,0.0,0.06599374357126207,0.0,4.4534765926562175e-05,1.4522360816489678e-06,2.62743211819801e-06,4.208397098430407e-06,5.957955578112495e-07,4.458159131400262e-09
3.5604685760865383e-10,0.05595639656,0.054,0.0,0.0,0.02968285175274293,0.8799774796812669,6.149573327540396e-09,0.0,0.0,0.06599369568286646,0.0,4.5029964008677475e-05,1.4480113627371182e-06,2.636733666195333e-06,4.253533103930622e-06,6.027726668274673e-07,4.5238835428794066e-09
3.5997015825553057e-10,0.05595639656,0.054,0.0,0.0,0.029682299465316354,0.8799772319680963,6.333989792270623e-09,0.0,0.0,0.06599364788531495,0.0,4.5525139959133064e-05,1.4438207663838755e-06,2.6459816165002187e-06,4.298584574859203e-06,6.097093437704438e-07,4.5898578412434034e-09
3.638934589024073e-10,0.05595639656,0.054,0.0,0.0,0.029681747341824768,0.879976984264212,6.521734452216779e-09,0.0,0.0,0.06599360017733862,0.0,4.6020293759768596e-05,1.4396645897591039e-06,2.6551771079915224e-06,4.343552037528413e-06,6.166060340532747e-07,4.6560809709378444e-09
3.6781675954928404e-10,0.05595639656,0.054,0.0,0.0,0.029681195380025192,0.8799767365696114,6.7128323736322504e-09,0.0,0.0,0.06599355255774163,0.0,4.651542539240969e-05,1.4355430582075116e-06,2.6643212070845047e-06,4.388436017393433e-06,6.234631827280193e-07,4.7225518330206875e-09
3.7174006019616077e-10,0.05595639656,0.054,0.0,0.0,0.029680643577808908,0.8799764888842913,6.907308598550286e-09,0.0,0.0,0.06599350502539555,0.0,4.701053483887329e-05,1.4314563321824549e-06,2.673414913359886e-06,4.433237038397935e-06,6.302812338309072e-07,4.7892692885234105e-09
3.756633608430375e-10,0.05595639656,0.054,0.0,0.0,0.029680091933191186,0.8799762412082491,7.105188140886258e-09,0.0,0.0,0.06599345757923417,0.0,4.7505622080972726e-05,1.4274045135857807e-06,2.682459164744176e-06,4.477955622393025e-06,6.370606298002795e-07,4.856232161632518e-09
3.7958666148991424e-10,0.05595639656,0.054,0.0,0.0,0.02967954044430165,0.8799759935414819,7.30649598273083e-09,0.0,0.0,0.06599341021824882,0.0,4.800068710052233e-05,1.4233876515624189e-06,2.6914548422766705e-06,4.522592288622821e-06,6.438018109605849e-07,4.923439242696645e-09
3.83509962136791e-10,0.05595639656,0.054,0.0,0.0,0.029678989109375577,0.879975745883987,7.511257070826542e-09,0.0,0.0,0.06599336294148384,0.0,4.849572987934188e-05,1.419405747794608e-06,2.700402774495768e-06,4.5671475532704905e-06,6.505052150663191e-07,4.990889291064862e-09
3.874332627836677e-10,0.05595639656,0.054,0.0,0.0,0.029678437926745772,0.8799754982357615,7.719496313220396e-09,0.0,0.0,0.06599331574803265,0.0,4.89907503992606e-05,1.4154587613370412e-06,2.7093037414747492e-06,4.611621929059109e-06,6.571712769003352e-07,5.058581037762185e-09
3.9135656343054445e-10,0.05595639656,0.054,0.0,0.0,0.029677886894835144,0.8799752505968027,7.931238576085017e-09,0.0,0.0,0.06599326863703409,0.0,4.9485748642121045e-05,1.4115466130309258e-06,2.718158478534845e-06,4.656015924902194e-06,6.638004279214286e-07,5.1265131880084525e-09
3.952798640774212e-10,0.05595639656,0.054,0.0,0.0,0.029677336012149887,0.8799750029671083,8.146508680701007e-09,0.0,0.0,0.06599322160766886,0.0,4.998072458978248e-05,1.4076691895318918e-06,2.726967679661251e-06,4.700330045599221e-06,6.703930959565538e-07,5.1946844235868805e-09
3.992031647242979e-10,0.05595639656,0.054,0.0,0.0,0.029676785277273177,0.8799747553466752,8.365331400593317e-09,0.0,0.0,0.06599317465915647,0.0,5.047567822412438e-05,1.403826346983886e-06,2.735732000645736e-06,4.7445647915718465e-06,6.769497049334323e-07,5.263093405068585e-09
4.0312646537117466e-10,0.05595639656,0.054,0.0,0.0,0.029676234688859385,0.879974507735501,8.587731458814486e-09,0.0,0.0,0.06599312779075232,0.0,5.09706095270494e-05,1.4000179143685835e-06,2.7444520619776753e-06,4.788720658636927e-06,6.834706746496899e-07,5.331738773899459e-09
4.070497660180514e-10,0.05595639656,0.054,0.0,0.0,0.029675684245628754,0.8799742601335829,8.813733525367794e-09,0.0,0.0,0.06599308100174502,0.0,5.146551848048639e-05,1.3962436965574567e-06,2.7531284515035987e-06,4.8327981378127764e-06,6.899564205749964e-07,5.400619154355736e-09
4.1097306666492813e-10,0.05595639656,0.054,0.0,0.0,0.029675133946362488,0.8799740125409187,9.043362214763634e-09,0.0,0.0,0.065993034291454,0.0,5.1960405066393036e-05,1.3925034770914398e-06,2.761761726873787e-06,4.876797715155412e-06,6.964073536830042e-07,5.469733155374459e-09
4.1489636731180487e-10,0.05595639656,0.054,0.0,0.0,0.029674583789898273,0.8799737649575056,9.276642083702462e-09,0.0,0.0,0.06599298765922733,0.0,5.2455269266758445e-05,1.3887970207111002e-06,2.7703524177929785e-06,4.920719871621855e-06,7.028238803101538e-07,5.539079372265024e-09
4.188196679586816e-10,0.05595639656,0.054,0.0,0.0,0.0296740337751261,0.8799735173833408,9.513597628878022e-09,0.0,0.0,0.06599294110443929,0.0,5.295011106360566e-05,1.3851240756583458e-06,2.77890102809091e-06,4.964565082957789e-06,7.092064020386938e-07,5.608656388307785e-09
4.2274296860555834e-10,0.05595639656,0.054,0.0,0.0,0.02967348390098447,0.879973269818422,9.75425328489467e-09,0.0,0.0,0.06599289462648898,0.0,5.3444930438993774e-05,1.3814843757689829e-06,2.7874080376271563e-06,5.008333819607111e-06,7.155553156014844e-07,5.6784627762455805e-09
4.2666626925243507e-10,0.05595639656,0.054,0.0,0.0,0.029672934166456853,0.8799730222627469,9.99863342229288e-09,0.0,0.0,0.06599284822479813,0.0,5.393972737502022e-05,1.3778776423738602e-06,2.795873904043615e-06,5.052026546641179e-06,7.218710128063872e-07,5.748497099673857e-09
4.305895698993118e-10,0.05595639656,0.054,0.0,0.0,0.029672384570568516,0.8799727747163125,1.0246762345677272e-08,0.0,0.0,0.06599280189880977,0.0,5.443450185382271e-05,1.3743035860248672e-06,2.8042990643768784e-06,5.09564372370572e-06,7.281538804782306e-07,5.818757914334894e-09
4.3451287054618854e-10,0.05595639656,0.054,0.0,0.0,0.02967183511238349,0.8799725271791168,1.0498664291941635e-08,0.0,0.0,0.06599275564798648,0.0,5.4929253857581185e-05,1.370761908060714e-06,2.8126839365418173e-06,5.139185804983547e-06,7.344043004165343e-07,5.8892437693214566e-09
4.384361711930653e-10,0.05595639656,0.054,0.0,0.0,0.029671285791001846,0.8799722796511572,1.0754363428585747e-08,0.0,0.0,0.0659927094718094,0.0,5.542398336851964e-05,1.3672523020261973e-06,2.8210289206967384e-06,5.18265323917143e-06,7.406226493673331e-07,5.959953208194951e-09
4.42359471839942e-10,0.05595639656,0.054,0.0,0.0,0.02967073660555723,0.8799720321324309,1.1013883852118953e-08,0.0,0.0,0.06599266336977651,0.0,5.5918690368907775e-05,1.3637744549575157e-06,2.829334400499693e-06,5.226046469469603e-06,7.468092990075994e-07,6.030884770023032e-09
4.502060731336955e-10,0.05595639656,0.054,0.0,0.0,0.029669638639167897,0.8799715371226696,1.1544484582092084e-08,0.0,0.0,0.06599257138621455,0.0,5.690803676735073e-05,1.3569127599081336e-06,2.845828305800052e-06,5.3126120637548326e-06,7.590889617282625e-07,6.173408401661863e-09
4.572680142980736e-10,0.05595639656,0.054,0.0,0.0,0.02966865092623911,0.8799710916454387,1.2035334270989484e-08,0.0,0.0,0.06599248884985745,0.0,5.779837136299077e-05,1.3508426158343547e-06,2.8605412656205106e-06,5.390271655194148e-06,7.700358714708128e-07,6.302424614730968e-09
4.6432995546245176e-10,0.05595639656,0.054,0.0,0.0,0.029667663641578506,0.8799706461980872,1.253893628141553e-08,0.0,0.0,0.065992406546589,0.0,5.868863275096337e-05,1.344870317778534e-06,2.8751315567694256e-06,5.4676974685282046e-06,7.808856246135063e-07,6.432137674529884e-09
4.713918966268299e-10,0.05595639656,0.054,0.0,0.0,0.029666676781079617,0.879970200780601,1.305542839468498e-08,0.0,0.0,0.06599232447396632,0.0,5.9578820829718226e-05,1.3389939347317414e-06,2.8896009528767336e-06,5.5448918919108336e-06,7.916402069714792e-07,6.562539009836226e-09
4.78453837791208e-10,0.05595639656,0.054,0.0,0.0,0.02966569034084552,0.8799697553929666,1.3584947544762085e-08,0.0,0.0,0.06599224262965434,0.0,6.0468935498297044e-05,1.3332115345858846e-06,2.903951125375511e-06,5.621857258023279e-06,8.02301552969867e-07,6.693620061823402e-09
4.855157789555862e-10,0.05595639656,0.054,0.0,0.0,0.02966470431716591,0.8799693100351703,1.4127629799134488e-08,0.0,0.0,0.06599216101141459,0.0,6.135897665635536e-05,1.3275211936949373e-06,2.9181836549314894e-06,5.6985958450872664e-06,8.128715465635001e-07,6.825372293420115e-09
4.925777201199643e-10,0.05595639656,0.054,0.0,0.0,0.029663718706497255,0.8799688647071987,1.468361034132289e-08,0.0,0.0,0.06599207961709504,0.0,6.224894420418223e-05,1.3219210046421327e-06,2.9323000413032106e-06,5.775109877989948e-06,8.233520222700722e-07,6.957787197660826e-09
4.996396612843424e-10,0.05595639656,0.054,0.0,0.0,0.029662733505445658,0.8799684194090384,1.5253023454833126e-08,0.0,0.0,0.06599199844462164,0.0,6.313883804271898e-05,1.3164090825022204e-06,2.9463017118684176e-06,5.851401529493407e-06,8.337447662896413e-07,7.090856304659659e-09
5.067016024487206e-10,0.05595639656,0.054,0.0,0.0,0.02966174871075216,0.8799679741406761,1.5836002508457336e-08,0.0,0.0,0.06599191749199096,0.0,6.40286580735766e-05,1.3109835697663501e-06,2.9601900289474774e-06,5.92747292151017e-06,8.440515176920416e-07,7.224571187281626e-09
5.137635436130987e-10,0.05595639656,0.054,0.0,0.0,0.02966076431927991,0.8799675289020983,1.6432679942711684e-08,0.0,0.0,0.06599183675726368,0.0,6.491840419905264e-05,1.305642640204941e-06,2.9739662961466286e-06,6.003326126418203e-06,8.542739696458468e-07,7.358923465824146e-09
5.208254847774768e-10,0.05595639656,0.054,0.0,0.0,0.02965978032800308,0.8799670836932926,1.7043187257281023e-08,0.0,0.0,0.06599175623855898,0.0,6.580807632214648e-05,1.3003845018624706e-06,2.9876317638770697e-06,6.078963168396375e-06,8.644137706699536e-07,7.493904811986279e-09
5.27887425941855e-10,0.05595639656,0.054,0.0,0.0,0.02965879673399715,0.8799666385142453,1.766765499936071e-08,0.0,0.0,0.06599167593404993,0.0,6.669767434657439e-05,1.2952073993302333e-06,3.0011876341704806e-06,6.154386024767485e-06,8.744725258949243e-07,7.629506952120666e-09
5.349493671062331e-10,0.05595639656,0.054,0.0,0.0,0.02965781353443045,0.879966193364944,1.830621275282097e-08,0.0,0.0,0.06599159584195885,0.0,6.758719817678352e-05,1.2901096153968281e-06,3.0146350648741067e-06,6.229596627340473e-06,8.84451798325737e-07,7.765721669794543e-09
5.420113082706112e-10,0.05595639656,0.054,0.0,0.0,0.02965683072655675,0.8799657482453757,1.8958989128108996e-08,0.0,0.0,0.0659915159605539,0.0,6.84766477179654e-05,1.2850894721719876e-06,3.0279751733059116e-06,6.3045968637442556e-06,8.943531100983417e-07,7.902540807781973e-09
5.490732494349894e-10,0.05595639656,0.054,0.0,0.0,0.029655848307708812,0.8799653031555277,1.9626111752807946e-08,0.0,0.0,0.06599143628814566,0.0,6.936602287606888e-05,1.2801453317767695e-06,3.0412090394480864e-06,6.3793885787457525e-06,9.041779437226493e-07,8.039956269605335e-09
5.561351905993675e-10,0.05595639656,0.054,0.0,0.0,0.029654866275292728,0.879964858095387,2.0307707262777164e-08,0.0,0.0,0.0659913568230844,0.0,7.025532355781227e-05,1.275275596683425e-06,3.0543377087498953e-06,6.4539735755459575e-06,9.139277433057249e-07,8.177960020665208e-09
5.631971317637456e-10,0.05595639656,0.054,0.0,0.0,0.029653884626782888,0.8799644130649416,2.1003901293811168e-08,0.0,0.0,0.06599127756375735,0.0,7.114454967069544e-05,1.2704787097702588e-06,3.067362194596499e-06,6.528353617049662e-06,9.236039157508085e-07,8.316544088993688e-09
5.702590729281238e-10,0.05595639656,0.054,0.0,0.0,0.0296529033597176,0.8799639680641786,2.171481847376514e-08,0.0,0.0,0.06599119850858674,0.0,7.2033701123011e-05,1.2657531541418491e-06,3.0802834804884722e-06,6.602530427106018e-06,9.332078319293065e-07,8.455700565699181e-09
5.773210140925019e-10,0.05595639656,0.054,0.0,0.0,0.029651922471695118,0.8799635230930856,2.2440582415101517e-08,0.0,0.0,0.06599111965602762,0.0,7.292277782385539e-05,1.2610974527566642e-06,3.0931025219699046e-06,6.676505691717944e-06,9.427408278236846e-07,8.595421605165236e-09
5.8438295525688e-10,0.05595639656,0.054,0.0,0.0,0.02965094196037018,0.8799630781516505,2.3181315707816318e-08,0.0,0.0,0.06599104100456615,0.0,7.381177968313963e-05,1.2565101678998275e-06,3.1058202483395418e-06,6.750281060218721e-06,9.522042056395698e-07,8.735699425032518e-09
5.914448964212582e-10,0.05595639656,0.054,0.0,0.0,0.02964996182345092,0.8799626332398607,2.3937139912706696e-08,0.0,0.0,0.0659909625527181,0.0,7.47007066115992e-05,1.2519899005344035e-06,3.1184375641757843e-06,6.823858146414504e-06,9.615992348857699e-07,8.876526305985059e-09
5.985068375856363e-10,0.05595639656,0.054,0.0,0.0,0.02964898205869607,0.8799621883577041,2.4708175554945763e-08,0.0,0.0,0.06599088429902726,0.0,7.558955852080446e-05,1.2475352895588632e-06,3.130955350701715e-06,6.8972385296920845e-06,9.709271534214396e-07,9.01789459137526e-09
6.055687787500144e-10,0.05595639656,0.054,0.0,0.0,0.029648002663912418,0.8799617435051686,2.5494542117935386e-08,0.0,0.0,0.06599080624206438,0.0,7.647833532316997e-05,1.2431450109928806e-06,3.143374467011765e-06,6.970423756091651e-06,9.801891684701194e-07,9.159796686723262e-09
6.196926610787707e-10,0.05595639656,0.054,0.0,0.0,0.029646044975713493,0.8799608538889124,2.7113740696287887e-08,0.0,0.0,0.06599065071273313,0.0,7.825566326131652e-05,1.234552335428198e-06,3.167920020983448e-06,7.116214761788452e-06,9.985201695912282e-07,9.445172235870278e-09
6.33816543407527e-10,0.05595639656,0.054,0.0,0.0,0.029644088742189267,0.8799599643909964,2.8795670461195082e-08,0.0,0.0,0.06599049595378616,0.0,8.003268974258864e-05,1.226201990633399e-06,3.1920806957697715e-06,7.261242903423209e-06,1.0166013197365461e-06,9.73259341557006e-09
6.479404257362833e-10,0.05595639656,0.054,0.0,0.0,0.029642133947318204,0.8799590750113254,3.054124920246161e-08,0.0,0.0,0.06599034195465091,0.0,8.180941409761434e-05,1.2180846289723137e-06,3.2158626683626064e-06,7.405519450330389e-06,1.0344412697156623e-06,1.002200163734829e-08
6.620643080650395e-10,0.05595639656,0.054,0.0,0.0,0.029640180575673917,0.8799581857498056,3.235137752681038e-08,0.0,0.0,0.06599018870509606,0.0,8.358583567136332e-05,1.2101914078328483e-06,3.2392718464287856e-06,7.549055229622437e-06,1.0520482664403938e-06,1.0313339232469218e-08
